ISO-10303-21;
HEADER;
/* Generated by software containing ST-Developer
 * from STEP Tools, Inc. (www.steptools.com) 
 */

FILE_DESCRIPTION(
/* description */ ('',
'CAx-IF Rec.Pracs.---Representation and Presentation of Product Manufa
cturing Information (PMI)---4.0---2014-10-13'),
/* implementation_level */ '2;1');

FILE_NAME(
/* name */ 'back.step',
/* time_stamp */ '2025-01-16T23:01:15+08:00',
/* author */ (''),
/* organization */ (''),
/* preprocessor_version */ 'ST-DEVELOPER v20',
/* originating_system */ 'Autodesk Translation Framework v13.20.0.188',

/* authorisation */ '');

FILE_SCHEMA (('AP242_MANAGED_MODEL_BASED_3D_ENGINEERING_MIM_LF { 1 0 10303 442 1 1 4 }'));
ENDSEC;

DATA;
#10=MECHANICAL_DESIGN_GEOMETRIC_PRESENTATION_REPRESENTATION('',(#13),#2713);
#11=SHAPE_REPRESENTATION_RELATIONSHIP('SRR','None',#2720,#12);
#12=ADVANCED_BREP_SHAPE_REPRESENTATION('',(#14),#2712);
#13=STYLED_ITEM('',(#2729),#14);
#14=MANIFOLD_SOLID_BREP('Body1',#1683);
#15=FACE_BOUND('',#628,.T.);
#16=FACE_BOUND('',#629,.T.);
#17=FACE_BOUND('',#630,.T.);
#18=FACE_BOUND('',#669,.T.);
#19=FACE_BOUND('',#687,.T.);
#20=FACE_BOUND('',#697,.T.);
#21=FACE_BOUND('',#698,.T.);
#22=FACE_BOUND('',#699,.T.);
#23=ELLIPSE('',#1719,12.7017059221718,11.);
#24=ELLIPSE('',#1723,12.687003191013,11.);
#25=CYLINDRICAL_SURFACE('',#1705,6.05);
#26=CYLINDRICAL_SURFACE('',#1711,8.125);
#27=CYLINDRICAL_SURFACE('',#1714,2.35);
#28=CYLINDRICAL_SURFACE('',#1725,11.);
#29=CYLINDRICAL_SURFACE('',#1735,2.35);
#30=CYLINDRICAL_SURFACE('',#1737,2.35);
#31=CYLINDRICAL_SURFACE('',#1770,2.35);
#32=LINE('',#2236,#244);
#33=LINE('',#2238,#245);
#34=LINE('',#2240,#246);
#35=LINE('',#2242,#247);
#36=LINE('',#2243,#248);
#37=LINE('',#2246,#249);
#38=LINE('',#2248,#250);
#39=LINE('',#2254,#251);
#40=LINE('',#2260,#252);
#41=LINE('',#2262,#253);
#42=LINE('',#2264,#254);
#43=LINE('',#2266,#255);
#44=LINE('',#2268,#256);
#45=LINE('',#2270,#257);
#46=LINE('',#2272,#258);
#47=LINE('',#2273,#259);
#48=LINE('',#2284,#260);
#49=LINE('',#2295,#261);
#50=LINE('',#2297,#262);
#51=LINE('',#2301,#263);
#52=LINE('',#2303,#264);
#53=LINE('',#2304,#265);
#54=LINE('',#2306,#266);
#55=LINE('',#2308,#267);
#56=LINE('',#2310,#268);
#57=LINE('',#2311,#269);
#58=LINE('',#2315,#270);
#59=LINE('',#2317,#271);
#60=LINE('',#2319,#272);
#61=LINE('',#2320,#273);
#62=LINE('',#2322,#274);
#63=LINE('',#2324,#275);
#64=LINE('',#2325,#276);
#65=LINE('',#2332,#277);
#66=LINE('',#2334,#278);
#67=LINE('',#2336,#279);
#68=LINE('',#2337,#280);
#69=LINE('',#2340,#281);
#70=LINE('',#2342,#282);
#71=LINE('',#2344,#283);
#72=LINE('',#2347,#284);
#73=LINE('',#2352,#285);
#74=LINE('',#2353,#286);
#75=LINE('',#2358,#287);
#76=LINE('',#2360,#288);
#77=LINE('',#2362,#289);
#78=LINE('',#2363,#290);
#79=LINE('',#2366,#291);
#80=LINE('',#2368,#292);
#81=LINE('',#2369,#293);
#82=LINE('',#2374,#294);
#83=LINE('',#2378,#295);
#84=LINE('',#2382,#296);
#85=LINE('',#2384,#297);
#86=LINE('',#2386,#298);
#87=LINE('',#2388,#299);
#88=LINE('',#2389,#300);
#89=LINE('',#2391,#301);
#90=LINE('',#2393,#302);
#91=LINE('',#2395,#303);
#92=LINE('',#2397,#304);
#93=LINE('',#2399,#305);
#94=LINE('',#2401,#306);
#95=LINE('',#2403,#307);
#96=LINE('',#2405,#308);
#97=LINE('',#2407,#309);
#98=LINE('',#2409,#310);
#99=LINE('',#2411,#311);
#100=LINE('',#2412,#312);
#101=LINE('',#2414,#313);
#102=LINE('',#2416,#314);
#103=LINE('',#2418,#315);
#104=LINE('',#2420,#316);
#105=LINE('',#2421,#317);
#106=LINE('',#2424,#318);
#107=LINE('',#2426,#319);
#108=LINE('',#2428,#320);
#109=LINE('',#2429,#321);
#110=LINE('',#2436,#322);
#111=LINE('',#2437,#323);
#112=LINE('',#2440,#324);
#113=LINE('',#2441,#325);
#114=LINE('',#2444,#326);
#115=LINE('',#2446,#327);
#116=LINE('',#2448,#328);
#117=LINE('',#2450,#329);
#118=LINE('',#2452,#330);
#119=LINE('',#2454,#331);
#120=LINE('',#2456,#332);
#121=LINE('',#2457,#333);
#122=LINE('',#2461,#334);
#123=LINE('',#2465,#335);
#124=LINE('',#2468,#336);
#125=LINE('',#2470,#337);
#126=LINE('',#2471,#338);
#127=LINE('',#2474,#339);
#128=LINE('',#2476,#340);
#129=LINE('',#2478,#341);
#130=LINE('',#2479,#342);
#131=LINE('',#2483,#343);
#132=LINE('',#2485,#344);
#133=LINE('',#2486,#345);
#134=LINE('',#2489,#346);
#135=LINE('',#2490,#347);
#136=LINE('',#2493,#348);
#137=LINE('',#2494,#349);
#138=LINE('',#2497,#350);
#139=LINE('',#2499,#351);
#140=LINE('',#2501,#352);
#141=LINE('',#2502,#353);
#142=LINE('',#2505,#354);
#143=LINE('',#2506,#355);
#144=LINE('',#2507,#356);
#145=LINE('',#2510,#357);
#146=LINE('',#2512,#358);
#147=LINE('',#2514,#359);
#148=LINE('',#2516,#360);
#149=LINE('',#2517,#361);
#150=LINE('',#2519,#362);
#151=LINE('',#2522,#363);
#152=LINE('',#2523,#364);
#153=LINE('',#2526,#365);
#154=LINE('',#2527,#366);
#155=LINE('',#2529,#367);
#156=LINE('',#2531,#368);
#157=LINE('',#2534,#369);
#158=LINE('',#2535,#370);
#159=LINE('',#2537,#371);
#160=LINE('',#2540,#372);
#161=LINE('',#2541,#373);
#162=LINE('',#2542,#374);
#163=LINE('',#2545,#375);
#164=LINE('',#2546,#376);
#165=LINE('',#2549,#377);
#166=LINE('',#2551,#378);
#167=LINE('',#2552,#379);
#168=LINE('',#2555,#380);
#169=LINE('',#2557,#381);
#170=LINE('',#2558,#382);
#171=LINE('',#2561,#383);
#172=LINE('',#2562,#384);
#173=LINE('',#2566,#385);
#174=LINE('',#2567,#386);
#175=LINE('',#2568,#387);
#176=LINE('',#2570,#388);
#177=LINE('',#2572,#389);
#178=LINE('',#2575,#390);
#179=LINE('',#2577,#391);
#180=LINE('',#2578,#392);
#181=LINE('',#2581,#393);
#182=LINE('',#2583,#394);
#183=LINE('',#2584,#395);
#184=LINE('',#2588,#396);
#185=LINE('',#2590,#397);
#186=LINE('',#2592,#398);
#187=LINE('',#2593,#399);
#188=LINE('',#2596,#400);
#189=LINE('',#2598,#401);
#190=LINE('',#2599,#402);
#191=LINE('',#2603,#403);
#192=LINE('',#2604,#404);
#193=LINE('',#2605,#405);
#194=LINE('',#2607,#406);
#195=LINE('',#2608,#407);
#196=LINE('',#2611,#408);
#197=LINE('',#2612,#409);
#198=LINE('',#2617,#410);
#199=LINE('',#2621,#411);
#200=LINE('',#2623,#412);
#201=LINE('',#2624,#413);
#202=LINE('',#2627,#414);
#203=LINE('',#2630,#415);
#204=LINE('',#2631,#416);
#205=LINE('',#2634,#417);
#206=LINE('',#2635,#418);
#207=LINE('',#2638,#419);
#208=LINE('',#2639,#420);
#209=LINE('',#2642,#421);
#210=LINE('',#2643,#422);
#211=LINE('',#2646,#423);
#212=LINE('',#2647,#424);
#213=LINE('',#2650,#425);
#214=LINE('',#2651,#426);
#215=LINE('',#2653,#427);
#216=LINE('',#2656,#428);
#217=LINE('',#2657,#429);
#218=LINE('',#2660,#430);
#219=LINE('',#2661,#431);
#220=LINE('',#2664,#432);
#221=LINE('',#2665,#433);
#222=LINE('',#2668,#434);
#223=LINE('',#2669,#435);
#224=LINE('',#2672,#436);
#225=LINE('',#2673,#437);
#226=LINE('',#2675,#438);
#227=LINE('',#2678,#439);
#228=LINE('',#2679,#440);
#229=LINE('',#2682,#441);
#230=LINE('',#2683,#442);
#231=LINE('',#2685,#443);
#232=LINE('',#2688,#444);
#233=LINE('',#2689,#445);
#234=LINE('',#2692,#446);
#235=LINE('',#2693,#447);
#236=LINE('',#2695,#448);
#237=LINE('',#2698,#449);
#238=LINE('',#2699,#450);
#239=LINE('',#2702,#451);
#240=LINE('',#2703,#452);
#241=LINE('',#2705,#453);
#242=LINE('',#2706,#454);
#243=LINE('',#2707,#455);
#244=VECTOR('',#1810,10.);
#245=VECTOR('',#1811,10.);
#246=VECTOR('',#1812,10.);
#247=VECTOR('',#1813,10.);
#248=VECTOR('',#1814,10.);
#249=VECTOR('',#1817,10.);
#250=VECTOR('',#1818,10.);
#251=VECTOR('',#1819,10.);
#252=VECTOR('',#1820,10.);
#253=VECTOR('',#1821,10.);
#254=VECTOR('',#1822,10.);
#255=VECTOR('',#1823,10.);
#256=VECTOR('',#1824,10.);
#257=VECTOR('',#1825,10.);
#258=VECTOR('',#1826,10.);
#259=VECTOR('',#1827,10.);
#260=VECTOR('',#1836,10.);
#261=VECTOR('',#1847,10.);
#262=VECTOR('',#1850,10.);
#263=VECTOR('',#1853,10.);
#264=VECTOR('',#1854,10.);
#265=VECTOR('',#1855,10.);
#266=VECTOR('',#1856,10.);
#267=VECTOR('',#1857,10.);
#268=VECTOR('',#1858,10.);
#269=VECTOR('',#1859,10.);
#270=VECTOR('',#1862,10.);
#271=VECTOR('',#1863,10.);
#272=VECTOR('',#1864,10.);
#273=VECTOR('',#1865,10.);
#274=VECTOR('',#1866,10.);
#275=VECTOR('',#1867,10.);
#276=VECTOR('',#1868,10.);
#277=VECTOR('',#1877,10.);
#278=VECTOR('',#1878,10.);
#279=VECTOR('',#1879,10.);
#280=VECTOR('',#1880,10.);
#281=VECTOR('',#1883,10.);
#282=VECTOR('',#1884,10.);
#283=VECTOR('',#1885,10.);
#284=VECTOR('',#1888,10.);
#285=VECTOR('',#1893,10.);
#286=VECTOR('',#1894,10.);
#287=VECTOR('',#1899,10.);
#288=VECTOR('',#1900,10.);
#289=VECTOR('',#1901,10.);
#290=VECTOR('',#1902,10.);
#291=VECTOR('',#1905,10.);
#292=VECTOR('',#1906,10.);
#293=VECTOR('',#1907,10.);
#294=VECTOR('',#1912,10.);
#295=VECTOR('',#1915,10.);
#296=VECTOR('',#1920,10.);
#297=VECTOR('',#1921,10.);
#298=VECTOR('',#1922,10.);
#299=VECTOR('',#1923,10.);
#300=VECTOR('',#1924,10.);
#301=VECTOR('',#1925,10.);
#302=VECTOR('',#1926,10.);
#303=VECTOR('',#1927,10.);
#304=VECTOR('',#1928,10.);
#305=VECTOR('',#1929,10.);
#306=VECTOR('',#1930,10.);
#307=VECTOR('',#1931,10.);
#308=VECTOR('',#1932,10.);
#309=VECTOR('',#1933,10.);
#310=VECTOR('',#1934,10.);
#311=VECTOR('',#1935,10.);
#312=VECTOR('',#1936,10.);
#313=VECTOR('',#1937,10.);
#314=VECTOR('',#1938,10.);
#315=VECTOR('',#1939,10.);
#316=VECTOR('',#1940,10.);
#317=VECTOR('',#1941,10.);
#318=VECTOR('',#1942,10.);
#319=VECTOR('',#1943,10.);
#320=VECTOR('',#1944,10.);
#321=VECTOR('',#1945,10.);
#322=VECTOR('',#1952,10.);
#323=VECTOR('',#1953,10.);
#324=VECTOR('',#1956,10.);
#325=VECTOR('',#1957,10.);
#326=VECTOR('',#1960,10.);
#327=VECTOR('',#1961,10.);
#328=VECTOR('',#1962,10.);
#329=VECTOR('',#1963,10.);
#330=VECTOR('',#1964,10.);
#331=VECTOR('',#1965,10.);
#332=VECTOR('',#1966,10.);
#333=VECTOR('',#1967,10.);
#334=VECTOR('',#1972,2.35);
#335=VECTOR('',#1977,2.35);
#336=VECTOR('',#1980,10.);
#337=VECTOR('',#1981,10.);
#338=VECTOR('',#1982,10.);
#339=VECTOR('',#1985,10.);
#340=VECTOR('',#1986,10.);
#341=VECTOR('',#1987,10.);
#342=VECTOR('',#1988,10.);
#343=VECTOR('',#1991,10.);
#344=VECTOR('',#1992,10.);
#345=VECTOR('',#1993,10.);
#346=VECTOR('',#1996,10.);
#347=VECTOR('',#1997,10.);
#348=VECTOR('',#2000,10.);
#349=VECTOR('',#2001,10.);
#350=VECTOR('',#2004,10.);
#351=VECTOR('',#2005,10.);
#352=VECTOR('',#2006,10.);
#353=VECTOR('',#2007,10.);
#354=VECTOR('',#2010,10.);
#355=VECTOR('',#2011,10.);
#356=VECTOR('',#2012,10.);
#357=VECTOR('',#2015,10.);
#358=VECTOR('',#2016,10.);
#359=VECTOR('',#2017,10.);
#360=VECTOR('',#2018,10.);
#361=VECTOR('',#2019,10.);
#362=VECTOR('',#2022,10.);
#363=VECTOR('',#2025,10.);
#364=VECTOR('',#2026,10.);
#365=VECTOR('',#2029,10.);
#366=VECTOR('',#2030,10.);
#367=VECTOR('',#2033,10.);
#368=VECTOR('',#2036,10.);
#369=VECTOR('',#2041,10.);
#370=VECTOR('',#2042,10.);
#371=VECTOR('',#2045,10.);
#372=VECTOR('',#2048,10.);
#373=VECTOR('',#2049,10.);
#374=VECTOR('',#2050,10.);
#375=VECTOR('',#2053,10.);
#376=VECTOR('',#2054,10.);
#377=VECTOR('',#2057,10.);
#378=VECTOR('',#2058,10.);
#379=VECTOR('',#2059,10.);
#380=VECTOR('',#2062,10.);
#381=VECTOR('',#2063,10.);
#382=VECTOR('',#2064,10.);
#383=VECTOR('',#2067,10.);
#384=VECTOR('',#2068,10.);
#385=VECTOR('',#2071,10.);
#386=VECTOR('',#2072,10.);
#387=VECTOR('',#2073,10.);
#388=VECTOR('',#2076,10.);
#389=VECTOR('',#2079,10.);
#390=VECTOR('',#2082,10.);
#391=VECTOR('',#2083,10.);
#392=VECTOR('',#2084,10.);
#393=VECTOR('',#2087,10.);
#394=VECTOR('',#2088,10.);
#395=VECTOR('',#2089,10.);
#396=VECTOR('',#2092,10.);
#397=VECTOR('',#2093,10.);
#398=VECTOR('',#2094,10.);
#399=VECTOR('',#2095,10.);
#400=VECTOR('',#2098,10.);
#401=VECTOR('',#2099,10.);
#402=VECTOR('',#2100,10.);
#403=VECTOR('',#2103,10.);
#404=VECTOR('',#2104,10.);
#405=VECTOR('',#2105,10.);
#406=VECTOR('',#2108,10.);
#407=VECTOR('',#2109,10.);
#408=VECTOR('',#2112,10.);
#409=VECTOR('',#2113,10.);
#410=VECTOR('',#2118,2.);
#411=VECTOR('',#2123,10.);
#412=VECTOR('',#2124,10.);
#413=VECTOR('',#2125,10.);
#414=VECTOR('',#2130,10.);
#415=VECTOR('',#2133,10.);
#416=VECTOR('',#2134,10.);
#417=VECTOR('',#2137,10.);
#418=VECTOR('',#2138,10.);
#419=VECTOR('',#2141,10.);
#420=VECTOR('',#2142,10.);
#421=VECTOR('',#2145,10.);
#422=VECTOR('',#2146,10.);
#423=VECTOR('',#2149,10.);
#424=VECTOR('',#2150,10.);
#425=VECTOR('',#2153,10.);
#426=VECTOR('',#2154,10.);
#427=VECTOR('',#2157,10.);
#428=VECTOR('',#2160,10.);
#429=VECTOR('',#2161,10.);
#430=VECTOR('',#2164,10.);
#431=VECTOR('',#2165,10.);
#432=VECTOR('',#2168,10.);
#433=VECTOR('',#2169,10.);
#434=VECTOR('',#2172,10.);
#435=VECTOR('',#2173,10.);
#436=VECTOR('',#2176,10.);
#437=VECTOR('',#2177,10.);
#438=VECTOR('',#2180,10.);
#439=VECTOR('',#2183,10.);
#440=VECTOR('',#2184,10.);
#441=VECTOR('',#2187,10.);
#442=VECTOR('',#2188,10.);
#443=VECTOR('',#2191,10.);
#444=VECTOR('',#2194,10.);
#445=VECTOR('',#2195,10.);
#446=VECTOR('',#2198,10.);
#447=VECTOR('',#2199,10.);
#448=VECTOR('',#2202,10.);
#449=VECTOR('',#2205,10.);
#450=VECTOR('',#2206,10.);
#451=VECTOR('',#2209,10.);
#452=VECTOR('',#2210,10.);
#453=VECTOR('',#2213,10.);
#454=VECTOR('',#2214,10.);
#455=VECTOR('',#2215,10.);
#456=PLANE('',#1700);
#457=PLANE('',#1701);
#458=PLANE('',#1709);
#459=PLANE('',#1712);
#460=PLANE('',#1713);
#461=PLANE('',#1717);
#462=PLANE('',#1718);
#463=PLANE('',#1720);
#464=PLANE('',#1722);
#465=PLANE('',#1724);
#466=PLANE('',#1729);
#467=PLANE('',#1732);
#468=PLANE('',#1733);
#469=PLANE('',#1734);
#470=PLANE('',#1739);
#471=PLANE('',#1740);
#472=PLANE('',#1741);
#473=PLANE('',#1742);
#474=PLANE('',#1743);
#475=PLANE('',#1744);
#476=PLANE('',#1745);
#477=PLANE('',#1746);
#478=PLANE('',#1747);
#479=PLANE('',#1748);
#480=PLANE('',#1749);
#481=PLANE('',#1750);
#482=PLANE('',#1751);
#483=PLANE('',#1752);
#484=PLANE('',#1753);
#485=PLANE('',#1754);
#486=PLANE('',#1755);
#487=PLANE('',#1756);
#488=PLANE('',#1757);
#489=PLANE('',#1758);
#490=PLANE('',#1759);
#491=PLANE('',#1760);
#492=PLANE('',#1761);
#493=PLANE('',#1762);
#494=PLANE('',#1763);
#495=PLANE('',#1764);
#496=PLANE('',#1765);
#497=PLANE('',#1766);
#498=PLANE('',#1767);
#499=PLANE('',#1768);
#500=PLANE('',#1769);
#501=PLANE('',#1773);
#502=PLANE('',#1774);
#503=PLANE('',#1775);
#504=PLANE('',#1776);
#505=PLANE('',#1777);
#506=PLANE('',#1778);
#507=PLANE('',#1779);
#508=PLANE('',#1780);
#509=PLANE('',#1781);
#510=PLANE('',#1782);
#511=PLANE('',#1783);
#512=PLANE('',#1784);
#513=PLANE('',#1785);
#514=PLANE('',#1786);
#515=PLANE('',#1787);
#516=PLANE('',#1788);
#517=PLANE('',#1789);
#518=PLANE('',#1790);
#519=PLANE('',#1791);
#520=PLANE('',#1792);
#521=PLANE('',#1793);
#522=PLANE('',#1794);
#523=PLANE('',#1795);
#524=PLANE('',#1796);
#525=PLANE('',#1797);
#526=PLANE('',#1798);
#527=PLANE('',#1799);
#528=FACE_OUTER_BOUND('',#610,.T.);
#529=FACE_OUTER_BOUND('',#611,.T.);
#530=FACE_OUTER_BOUND('',#612,.T.);
#531=FACE_OUTER_BOUND('',#613,.T.);
#532=FACE_OUTER_BOUND('',#614,.T.);
#533=FACE_OUTER_BOUND('',#615,.T.);
#534=FACE_OUTER_BOUND('',#616,.T.);
#535=FACE_OUTER_BOUND('',#617,.T.);
#536=FACE_OUTER_BOUND('',#618,.T.);
#537=FACE_OUTER_BOUND('',#619,.T.);
#538=FACE_OUTER_BOUND('',#620,.T.);
#539=FACE_OUTER_BOUND('',#621,.T.);
#540=FACE_OUTER_BOUND('',#622,.T.);
#541=FACE_OUTER_BOUND('',#623,.T.);
#542=FACE_OUTER_BOUND('',#624,.T.);
#543=FACE_OUTER_BOUND('',#625,.T.);
#544=FACE_OUTER_BOUND('',#626,.T.);
#545=FACE_OUTER_BOUND('',#627,.T.);
#546=FACE_OUTER_BOUND('',#631,.T.);
#547=FACE_OUTER_BOUND('',#632,.T.);
#548=FACE_OUTER_BOUND('',#633,.T.);
#549=FACE_OUTER_BOUND('',#634,.T.);
#550=FACE_OUTER_BOUND('',#635,.T.);
#551=FACE_OUTER_BOUND('',#636,.T.);
#552=FACE_OUTER_BOUND('',#637,.T.);
#553=FACE_OUTER_BOUND('',#638,.T.);
#554=FACE_OUTER_BOUND('',#639,.T.);
#555=FACE_OUTER_BOUND('',#640,.T.);
#556=FACE_OUTER_BOUND('',#641,.T.);
#557=FACE_OUTER_BOUND('',#642,.T.);
#558=FACE_OUTER_BOUND('',#643,.T.);
#559=FACE_OUTER_BOUND('',#644,.T.);
#560=FACE_OUTER_BOUND('',#645,.T.);
#561=FACE_OUTER_BOUND('',#646,.T.);
#562=FACE_OUTER_BOUND('',#647,.T.);
#563=FACE_OUTER_BOUND('',#648,.T.);
#564=FACE_OUTER_BOUND('',#649,.T.);
#565=FACE_OUTER_BOUND('',#650,.T.);
#566=FACE_OUTER_BOUND('',#651,.T.);
#567=FACE_OUTER_BOUND('',#652,.T.);
#568=FACE_OUTER_BOUND('',#653,.T.);
#569=FACE_OUTER_BOUND('',#654,.T.);
#570=FACE_OUTER_BOUND('',#655,.T.);
#571=FACE_OUTER_BOUND('',#656,.T.);
#572=FACE_OUTER_BOUND('',#657,.T.);
#573=FACE_OUTER_BOUND('',#658,.T.);
#574=FACE_OUTER_BOUND('',#659,.T.);
#575=FACE_OUTER_BOUND('',#660,.T.);
#576=FACE_OUTER_BOUND('',#661,.T.);
#577=FACE_OUTER_BOUND('',#662,.T.);
#578=FACE_OUTER_BOUND('',#663,.T.);
#579=FACE_OUTER_BOUND('',#664,.T.);
#580=FACE_OUTER_BOUND('',#665,.T.);
#581=FACE_OUTER_BOUND('',#666,.T.);
#582=FACE_OUTER_BOUND('',#667,.T.);
#583=FACE_OUTER_BOUND('',#668,.T.);
#584=FACE_OUTER_BOUND('',#670,.T.);
#585=FACE_OUTER_BOUND('',#671,.T.);
#586=FACE_OUTER_BOUND('',#672,.T.);
#587=FACE_OUTER_BOUND('',#673,.T.);
#588=FACE_OUTER_BOUND('',#674,.T.);
#589=FACE_OUTER_BOUND('',#675,.T.);
#590=FACE_OUTER_BOUND('',#676,.T.);
#591=FACE_OUTER_BOUND('',#677,.T.);
#592=FACE_OUTER_BOUND('',#678,.T.);
#593=FACE_OUTER_BOUND('',#679,.T.);
#594=FACE_OUTER_BOUND('',#680,.T.);
#595=FACE_OUTER_BOUND('',#681,.T.);
#596=FACE_OUTER_BOUND('',#682,.T.);
#597=FACE_OUTER_BOUND('',#683,.T.);
#598=FACE_OUTER_BOUND('',#684,.T.);
#599=FACE_OUTER_BOUND('',#685,.T.);
#600=FACE_OUTER_BOUND('',#686,.T.);
#601=FACE_OUTER_BOUND('',#688,.T.);
#602=FACE_OUTER_BOUND('',#689,.T.);
#603=FACE_OUTER_BOUND('',#690,.T.);
#604=FACE_OUTER_BOUND('',#691,.T.);
#605=FACE_OUTER_BOUND('',#692,.T.);
#606=FACE_OUTER_BOUND('',#693,.T.);
#607=FACE_OUTER_BOUND('',#694,.T.);
#608=FACE_OUTER_BOUND('',#695,.T.);
#609=FACE_OUTER_BOUND('',#696,.T.);
#610=EDGE_LOOP('',(#1120,#1121,#1122,#1123));
#611=EDGE_LOOP('',(#1124,#1125,#1126,#1127,#1128,#1129));
#612=EDGE_LOOP('',(#1130,#1131,#1132,#1133,#1134,#1135,#1136,#1137,#1138,
#1139,#1140,#1141,#1142,#1143,#1144));
#613=EDGE_LOOP('',(#1145,#1146,#1147,#1148));
#614=EDGE_LOOP('',(#1149,#1150,#1151,#1152));
#615=EDGE_LOOP('',(#1153,#1154,#1155,#1156));
#616=EDGE_LOOP('',(#1157,#1158,#1159,#1160));
#617=EDGE_LOOP('',(#1161,#1162,#1163,#1164));
#618=EDGE_LOOP('',(#1165,#1166,#1167,#1168,#1169,#1170,#1171,#1172));
#619=EDGE_LOOP('',(#1173,#1174,#1175,#1176,#1177,#1178,#1179,#1180));
#620=EDGE_LOOP('',(#1181,#1182,#1183,#1184));
#621=EDGE_LOOP('',(#1185,#1186,#1187,#1188));
#622=EDGE_LOOP('',(#1189,#1190,#1191,#1192,#1193,#1194));
#623=EDGE_LOOP('',(#1195,#1196,#1197,#1198));
#624=EDGE_LOOP('',(#1199,#1200,#1201,#1202,#1203,#1204));
#625=EDGE_LOOP('',(#1205,#1206,#1207,#1208));
#626=EDGE_LOOP('',(#1209,#1210,#1211,#1212,#1213,#1214,#1215,#1216));
#627=EDGE_LOOP('',(#1217,#1218,#1219,#1220,#1221,#1222,#1223,#1224,#1225,
#1226,#1227,#1228,#1229,#1230,#1231,#1232,#1233,#1234,#1235,#1236,#1237,
#1238,#1239,#1240,#1241,#1242,#1243));
#628=EDGE_LOOP('',(#1244,#1245,#1246,#1247));
#629=EDGE_LOOP('',(#1248));
#630=EDGE_LOOP('',(#1249));
#631=EDGE_LOOP('',(#1250,#1251,#1252,#1253,#1254));
#632=EDGE_LOOP('',(#1255,#1256,#1257,#1258,#1259));
#633=EDGE_LOOP('',(#1260,#1261,#1262,#1263,#1264,#1265,#1266,#1267,#1268,
#1269,#1270,#1271,#1272,#1273,#1274));
#634=EDGE_LOOP('',(#1275,#1276,#1277,#1278));
#635=EDGE_LOOP('',(#1279,#1280,#1281,#1282));
#636=EDGE_LOOP('',(#1283,#1284,#1285,#1286));
#637=EDGE_LOOP('',(#1287,#1288,#1289,#1290,#1291,#1292,#1293));
#638=EDGE_LOOP('',(#1294,#1295,#1296));
#639=EDGE_LOOP('',(#1297,#1298,#1299,#1300));
#640=EDGE_LOOP('',(#1301,#1302,#1303,#1304));
#641=EDGE_LOOP('',(#1305,#1306,#1307,#1308,#1309));
#642=EDGE_LOOP('',(#1310,#1311,#1312,#1313,#1314,#1315,#1316,#1317));
#643=EDGE_LOOP('',(#1318,#1319,#1320,#1321,#1322,#1323));
#644=EDGE_LOOP('',(#1324,#1325,#1326,#1327));
#645=EDGE_LOOP('',(#1328,#1329,#1330,#1331));
#646=EDGE_LOOP('',(#1332,#1333,#1334,#1335));
#647=EDGE_LOOP('',(#1336,#1337,#1338,#1339));
#648=EDGE_LOOP('',(#1340,#1341,#1342,#1343));
#649=EDGE_LOOP('',(#1344,#1345,#1346,#1347,#1348,#1349));
#650=EDGE_LOOP('',(#1350,#1351,#1352,#1353));
#651=EDGE_LOOP('',(#1354,#1355,#1356,#1357));
#652=EDGE_LOOP('',(#1358,#1359,#1360,#1361,#1362,#1363,#1364,#1365));
#653=EDGE_LOOP('',(#1366,#1367,#1368,#1369,#1370,#1371));
#654=EDGE_LOOP('',(#1372,#1373,#1374,#1375));
#655=EDGE_LOOP('',(#1376,#1377,#1378,#1379,#1380,#1381,#1382,#1383));
#656=EDGE_LOOP('',(#1384,#1385,#1386,#1387));
#657=EDGE_LOOP('',(#1388,#1389,#1390,#1391));
#658=EDGE_LOOP('',(#1392,#1393,#1394,#1395));
#659=EDGE_LOOP('',(#1396,#1397,#1398,#1399,#1400,#1401));
#660=EDGE_LOOP('',(#1402,#1403,#1404,#1405));
#661=EDGE_LOOP('',(#1406,#1407,#1408,#1409));
#662=EDGE_LOOP('',(#1410,#1411,#1412,#1413));
#663=EDGE_LOOP('',(#1414,#1415,#1416,#1417));
#664=EDGE_LOOP('',(#1418,#1419,#1420,#1421));
#665=EDGE_LOOP('',(#1422,#1423,#1424,#1425));
#666=EDGE_LOOP('',(#1426,#1427,#1428,#1429));
#667=EDGE_LOOP('',(#1430,#1431,#1432,#1433));
#668=EDGE_LOOP('',(#1434,#1435,#1436,#1437,#1438,#1439,#1440,#1441));
#669=EDGE_LOOP('',(#1442));
#670=EDGE_LOOP('',(#1443,#1444,#1445,#1446));
#671=EDGE_LOOP('',(#1447,#1448,#1449));
#672=EDGE_LOOP('',(#1450,#1451,#1452,#1453,#1454,#1455,#1456,#1457));
#673=EDGE_LOOP('',(#1458,#1459,#1460,#1461));
#674=EDGE_LOOP('',(#1462,#1463,#1464,#1465,#1466,#1467,#1468,#1469));
#675=EDGE_LOOP('',(#1470,#1471,#1472,#1473));
#676=EDGE_LOOP('',(#1474,#1475,#1476,#1477));
#677=EDGE_LOOP('',(#1478,#1479,#1480,#1481));
#678=EDGE_LOOP('',(#1482,#1483,#1484,#1485));
#679=EDGE_LOOP('',(#1486,#1487,#1488,#1489));
#680=EDGE_LOOP('',(#1490,#1491,#1492,#1493));
#681=EDGE_LOOP('',(#1494,#1495,#1496,#1497));
#682=EDGE_LOOP('',(#1498,#1499,#1500,#1501));
#683=EDGE_LOOP('',(#1502,#1503,#1504,#1505));
#684=EDGE_LOOP('',(#1506,#1507,#1508,#1509,#1510,#1511));
#685=EDGE_LOOP('',(#1512,#1513,#1514,#1515));
#686=EDGE_LOOP('',(#1516,#1517,#1518,#1519,#1520,#1521,#1522,#1523));
#687=EDGE_LOOP('',(#1524));
#688=EDGE_LOOP('',(#1525,#1526,#1527,#1528));
#689=EDGE_LOOP('',(#1529,#1530,#1531,#1532));
#690=EDGE_LOOP('',(#1533,#1534,#1535,#1536));
#691=EDGE_LOOP('',(#1537,#1538,#1539,#1540));
#692=EDGE_LOOP('',(#1541,#1542,#1543,#1544));
#693=EDGE_LOOP('',(#1545,#1546,#1547,#1548));
#694=EDGE_LOOP('',(#1549,#1550,#1551,#1552,#1553,#1554));
#695=EDGE_LOOP('',(#1555,#1556,#1557,#1558,#1559));
#696=EDGE_LOOP('',(#1560,#1561,#1562,#1563,#1564,#1565,#1566,#1567,#1568,
#1569,#1570,#1571,#1572,#1573,#1574,#1575,#1576,#1577,#1578,#1579,#1580,
#1581,#1582,#1583,#1584,#1585,#1586,#1587,#1588,#1589,#1590,#1591));
#697=EDGE_LOOP('',(#1592));
#698=EDGE_LOOP('',(#1593));
#699=EDGE_LOOP('',(#1594,#1595,#1596,#1597));
#700=CIRCLE('',#1698,8.625);
#701=CIRCLE('',#1699,8.125);
#702=CIRCLE('',#1703,6.55);
#703=CIRCLE('',#1704,6.05);
#704=CIRCLE('',#1706,6.05);
#705=CIRCLE('',#1708,6.55);
#706=CIRCLE('',#1710,8.125);
#707=CIRCLE('',#1715,2.35);
#708=CIRCLE('',#1716,2.35);
#709=CIRCLE('',#1721,11.);
#710=CIRCLE('',#1726,11.);
#711=CIRCLE('',#1727,11.);
#712=CIRCLE('',#1728,11.);
#713=CIRCLE('',#1730,2.35);
#714=CIRCLE('',#1731,2.35);
#715=CIRCLE('',#1736,2.35);
#716=CIRCLE('',#1738,2.35);
#717=CIRCLE('',#1771,2.35);
#718=CIRCLE('',#1772,2.35);
#719=(
BOUNDED_CURVE()
B_SPLINE_CURVE(2,(#2224,#2225,#2226),.UNSPECIFIED.,.F.,.F.)
B_SPLINE_CURVE_WITH_KNOTS((3,3),(2.29215940460288,2.30009463920029),
 .UNSPECIFIED.)
CURVE()
GEOMETRIC_REPRESENTATION_ITEM()
RATIONAL_B_SPLINE_CURVE((1.05504969537321,1.02762013605233,1.))
REPRESENTATION_ITEM('')
);
#720=(
BOUNDED_CURVE()
B_SPLINE_CURVE(2,(#2230,#2231,#2232),.UNSPECIFIED.,.F.,.F.)
B_SPLINE_CURVE_WITH_KNOTS((3,3),(0.,0.00793523459957683),.UNSPECIFIED.)
CURVE()
GEOMETRIC_REPRESENTATION_ITEM()
RATIONAL_B_SPLINE_CURVE((1.,1.02762013605985,1.05504969538814))
REPRESENTATION_ITEM('')
);
#721=(
BOUNDED_CURVE()
B_SPLINE_CURVE(2,(#2250,#2251,#2252),.UNSPECIFIED.,.F.,.F.)
B_SPLINE_CURVE_WITH_KNOTS((3,3),(3.22755456420048,3.2468185843349),
 .UNSPECIFIED.)
CURVE()
GEOMETRIC_REPRESENTATION_ITEM()
RATIONAL_B_SPLINE_CURVE((1.90150730430041,1.83858039879554,1.77487020516355))
REPRESENTATION_ITEM('')
);
#722=(
BOUNDED_CURVE()
B_SPLINE_CURVE(2,(#2256,#2257,#2258),.UNSPECIFIED.,.F.,.F.)
B_SPLINE_CURVE_WITH_KNOTS((3,3),(0.,0.0105230928930292),.UNSPECIFIED.)
CURVE()
GEOMETRIC_REPRESENTATION_ITEM()
RATIONAL_B_SPLINE_CURVE((1.,1.03589569166615,1.07135006197549))
REPRESENTATION_ITEM('')
);
#723=(
BOUNDED_CURVE()
B_SPLINE_CURVE(2,(#2278,#2279,#2280),.UNSPECIFIED.,.F.,.F.)
B_SPLINE_CURVE_WITH_KNOTS((3,3),(0.113068919538745,0.13233293967312),
 .UNSPECIFIED.)
CURVE()
GEOMETRIC_REPRESENTATION_ITEM()
RATIONAL_B_SPLINE_CURVE((1.77487020516355,1.83858039879538,1.90150730430011))
REPRESENTATION_ITEM('')
);
#724=(
BOUNDED_CURVE()
B_SPLINE_CURVE(2,(#2288,#2289,#2290),.UNSPECIFIED.,.F.,.F.)
B_SPLINE_CURVE_WITH_KNOTS((3,3),(1.70130749054925,1.71183058344223),
 .UNSPECIFIED.)
CURVE()
GEOMETRIC_REPRESENTATION_ITEM()
RATIONAL_B_SPLINE_CURVE((1.07135006197519,1.035895691666,1.))
REPRESENTATION_ITEM('')
);
#725=VERTEX_POINT('',#2222);
#726=VERTEX_POINT('',#2223);
#727=VERTEX_POINT('',#2227);
#728=VERTEX_POINT('',#2229);
#729=VERTEX_POINT('',#2235);
#730=VERTEX_POINT('',#2237);
#731=VERTEX_POINT('',#2239);
#732=VERTEX_POINT('',#2241);
#733=VERTEX_POINT('',#2245);
#734=VERTEX_POINT('',#2247);
#735=VERTEX_POINT('',#2249);
#736=VERTEX_POINT('',#2253);
#737=VERTEX_POINT('',#2255);
#738=VERTEX_POINT('',#2259);
#739=VERTEX_POINT('',#2261);
#740=VERTEX_POINT('',#2263);
#741=VERTEX_POINT('',#2265);
#742=VERTEX_POINT('',#2267);
#743=VERTEX_POINT('',#2269);
#744=VERTEX_POINT('',#2271);
#745=VERTEX_POINT('',#2275);
#746=VERTEX_POINT('',#2277);
#747=VERTEX_POINT('',#2283);
#748=VERTEX_POINT('',#2287);
#749=VERTEX_POINT('',#2293);
#750=VERTEX_POINT('',#2299);
#751=VERTEX_POINT('',#2300);
#752=VERTEX_POINT('',#2302);
#753=VERTEX_POINT('',#2305);
#754=VERTEX_POINT('',#2307);
#755=VERTEX_POINT('',#2309);
#756=VERTEX_POINT('',#2313);
#757=VERTEX_POINT('',#2314);
#758=VERTEX_POINT('',#2316);
#759=VERTEX_POINT('',#2318);
#760=VERTEX_POINT('',#2321);
#761=VERTEX_POINT('',#2323);
#762=VERTEX_POINT('',#2330);
#763=VERTEX_POINT('',#2331);
#764=VERTEX_POINT('',#2333);
#765=VERTEX_POINT('',#2335);
#766=VERTEX_POINT('',#2339);
#767=VERTEX_POINT('',#2341);
#768=VERTEX_POINT('',#2343);
#769=VERTEX_POINT('',#2345);
#770=VERTEX_POINT('',#2349);
#771=VERTEX_POINT('',#2351);
#772=VERTEX_POINT('',#2355);
#773=VERTEX_POINT('',#2357);
#774=VERTEX_POINT('',#2359);
#775=VERTEX_POINT('',#2361);
#776=VERTEX_POINT('',#2365);
#777=VERTEX_POINT('',#2367);
#778=VERTEX_POINT('',#2371);
#779=VERTEX_POINT('',#2373);
#780=VERTEX_POINT('',#2375);
#781=VERTEX_POINT('',#2377);
#782=VERTEX_POINT('',#2381);
#783=VERTEX_POINT('',#2383);
#784=VERTEX_POINT('',#2385);
#785=VERTEX_POINT('',#2387);
#786=VERTEX_POINT('',#2390);
#787=VERTEX_POINT('',#2392);
#788=VERTEX_POINT('',#2394);
#789=VERTEX_POINT('',#2396);
#790=VERTEX_POINT('',#2398);
#791=VERTEX_POINT('',#2400);
#792=VERTEX_POINT('',#2402);
#793=VERTEX_POINT('',#2404);
#794=VERTEX_POINT('',#2406);
#795=VERTEX_POINT('',#2408);
#796=VERTEX_POINT('',#2410);
#797=VERTEX_POINT('',#2413);
#798=VERTEX_POINT('',#2415);
#799=VERTEX_POINT('',#2417);
#800=VERTEX_POINT('',#2419);
#801=VERTEX_POINT('',#2422);
#802=VERTEX_POINT('',#2423);
#803=VERTEX_POINT('',#2425);
#804=VERTEX_POINT('',#2427);
#805=VERTEX_POINT('',#2430);
#806=VERTEX_POINT('',#2432);
#807=VERTEX_POINT('',#2435);
#808=VERTEX_POINT('',#2439);
#809=VERTEX_POINT('',#2443);
#810=VERTEX_POINT('',#2445);
#811=VERTEX_POINT('',#2447);
#812=VERTEX_POINT('',#2449);
#813=VERTEX_POINT('',#2451);
#814=VERTEX_POINT('',#2453);
#815=VERTEX_POINT('',#2455);
#816=VERTEX_POINT('',#2459);
#817=VERTEX_POINT('',#2463);
#818=VERTEX_POINT('',#2467);
#819=VERTEX_POINT('',#2469);
#820=VERTEX_POINT('',#2473);
#821=VERTEX_POINT('',#2475);
#822=VERTEX_POINT('',#2477);
#823=VERTEX_POINT('',#2481);
#824=VERTEX_POINT('',#2482);
#825=VERTEX_POINT('',#2484);
#826=VERTEX_POINT('',#2488);
#827=VERTEX_POINT('',#2492);
#828=VERTEX_POINT('',#2496);
#829=VERTEX_POINT('',#2498);
#830=VERTEX_POINT('',#2500);
#831=VERTEX_POINT('',#2504);
#832=VERTEX_POINT('',#2509);
#833=VERTEX_POINT('',#2511);
#834=VERTEX_POINT('',#2513);
#835=VERTEX_POINT('',#2515);
#836=VERTEX_POINT('',#2521);
#837=VERTEX_POINT('',#2525);
#838=VERTEX_POINT('',#2539);
#839=VERTEX_POINT('',#2544);
#840=VERTEX_POINT('',#2548);
#841=VERTEX_POINT('',#2550);
#842=VERTEX_POINT('',#2554);
#843=VERTEX_POINT('',#2556);
#844=VERTEX_POINT('',#2560);
#845=VERTEX_POINT('',#2564);
#846=VERTEX_POINT('',#2565);
#847=VERTEX_POINT('',#2574);
#848=VERTEX_POINT('',#2576);
#849=VERTEX_POINT('',#2580);
#850=VERTEX_POINT('',#2582);
#851=VERTEX_POINT('',#2586);
#852=VERTEX_POINT('',#2587);
#853=VERTEX_POINT('',#2589);
#854=VERTEX_POINT('',#2591);
#855=VERTEX_POINT('',#2595);
#856=VERTEX_POINT('',#2597);
#857=VERTEX_POINT('',#2601);
#858=VERTEX_POINT('',#2602);
#859=VERTEX_POINT('',#2610);
#860=VERTEX_POINT('',#2614);
#861=VERTEX_POINT('',#2616);
#862=VERTEX_POINT('',#2620);
#863=VERTEX_POINT('',#2622);
#864=VERTEX_POINT('',#2629);
#865=VERTEX_POINT('',#2633);
#866=VERTEX_POINT('',#2637);
#867=VERTEX_POINT('',#2641);
#868=VERTEX_POINT('',#2645);
#869=VERTEX_POINT('',#2649);
#870=VERTEX_POINT('',#2655);
#871=VERTEX_POINT('',#2659);
#872=VERTEX_POINT('',#2663);
#873=VERTEX_POINT('',#2667);
#874=VERTEX_POINT('',#2671);
#875=VERTEX_POINT('',#2677);
#876=VERTEX_POINT('',#2681);
#877=VERTEX_POINT('',#2687);
#878=VERTEX_POINT('',#2691);
#879=VERTEX_POINT('',#2697);
#880=VERTEX_POINT('',#2701);
#881=EDGE_CURVE('',#725,#726,#719,.T.);
#882=EDGE_CURVE('',#726,#727,#700,.T.);
#883=EDGE_CURVE('',#727,#728,#720,.T.);
#884=EDGE_CURVE('',#728,#725,#701,.T.);
#885=EDGE_CURVE('',#726,#729,#32,.T.);
#886=EDGE_CURVE('',#729,#730,#33,.T.);
#887=EDGE_CURVE('',#731,#730,#34,.T.);
#888=EDGE_CURVE('',#731,#732,#35,.T.);
#889=EDGE_CURVE('',#732,#727,#36,.T.);
#890=EDGE_CURVE('',#733,#725,#37,.T.);
#891=EDGE_CURVE('',#734,#733,#38,.T.);
#892=EDGE_CURVE('',#735,#734,#721,.T.);
#893=EDGE_CURVE('',#736,#735,#39,.F.);
#894=EDGE_CURVE('',#737,#736,#722,.T.);
#895=EDGE_CURVE('',#738,#737,#40,.T.);
#896=EDGE_CURVE('',#739,#738,#41,.T.);
#897=EDGE_CURVE('',#740,#739,#42,.T.);
#898=EDGE_CURVE('',#741,#740,#43,.T.);
#899=EDGE_CURVE('',#742,#741,#44,.T.);
#900=EDGE_CURVE('',#743,#742,#45,.T.);
#901=EDGE_CURVE('',#744,#743,#46,.T.);
#902=EDGE_CURVE('',#744,#729,#47,.T.);
#903=EDGE_CURVE('',#734,#745,#702,.T.);
#904=EDGE_CURVE('',#745,#746,#723,.T.);
#905=EDGE_CURVE('',#746,#735,#703,.T.);
#906=EDGE_CURVE('',#747,#746,#48,.T.);
#907=EDGE_CURVE('',#736,#747,#704,.T.);
#908=EDGE_CURVE('',#747,#748,#724,.T.);
#909=EDGE_CURVE('',#748,#737,#705,.T.);
#910=EDGE_CURVE('',#749,#733,#706,.T.);
#911=EDGE_CURVE('',#749,#745,#49,.T.);
#912=EDGE_CURVE('',#749,#728,#50,.F.);
#913=EDGE_CURVE('',#750,#751,#51,.T.);
#914=EDGE_CURVE('',#751,#752,#52,.T.);
#915=EDGE_CURVE('',#752,#741,#53,.T.);
#916=EDGE_CURVE('',#753,#740,#54,.T.);
#917=EDGE_CURVE('',#754,#753,#55,.T.);
#918=EDGE_CURVE('',#754,#755,#56,.T.);
#919=EDGE_CURVE('',#750,#755,#57,.T.);
#920=EDGE_CURVE('',#756,#757,#58,.T.);
#921=EDGE_CURVE('',#757,#758,#59,.T.);
#922=EDGE_CURVE('',#759,#758,#60,.T.);
#923=EDGE_CURVE('',#759,#750,#61,.T.);
#924=EDGE_CURVE('',#755,#760,#62,.T.);
#925=EDGE_CURVE('',#761,#760,#63,.T.);
#926=EDGE_CURVE('',#756,#761,#64,.T.);
#927=EDGE_CURVE('',#760,#759,#707,.T.);
#928=EDGE_CURVE('',#750,#755,#708,.T.);
#929=EDGE_CURVE('',#762,#763,#65,.T.);
#930=EDGE_CURVE('',#764,#762,#66,.T.);
#931=EDGE_CURVE('',#765,#764,#67,.T.);
#932=EDGE_CURVE('',#765,#763,#68,.T.);
#933=EDGE_CURVE('',#763,#766,#69,.T.);
#934=EDGE_CURVE('',#767,#765,#70,.T.);
#935=EDGE_CURVE('',#767,#768,#71,.T.);
#936=EDGE_CURVE('',#769,#768,#23,.T.);
#937=EDGE_CURVE('',#766,#769,#72,.T.);
#938=EDGE_CURVE('',#768,#770,#709,.T.);
#939=EDGE_CURVE('',#771,#767,#73,.T.);
#940=EDGE_CURVE('',#771,#770,#74,.T.);
#941=EDGE_CURVE('',#770,#772,#24,.T.);
#942=EDGE_CURVE('',#773,#771,#75,.T.);
#943=EDGE_CURVE('',#773,#774,#76,.T.);
#944=EDGE_CURVE('',#775,#774,#77,.T.);
#945=EDGE_CURVE('',#772,#775,#78,.T.);
#946=EDGE_CURVE('',#774,#776,#79,.T.);
#947=EDGE_CURVE('',#777,#773,#80,.T.);
#948=EDGE_CURVE('',#777,#776,#81,.T.);
#949=EDGE_CURVE('',#778,#772,#710,.T.);
#950=EDGE_CURVE('',#778,#779,#82,.T.);
#951=EDGE_CURVE('',#780,#779,#711,.T.);
#952=EDGE_CURVE('',#780,#781,#83,.T.);
#953=EDGE_CURVE('',#769,#781,#712,.T.);
#954=EDGE_CURVE('',#766,#782,#84,.T.);
#955=EDGE_CURVE('',#782,#783,#85,.T.);
#956=EDGE_CURVE('',#783,#784,#86,.T.);
#957=EDGE_CURVE('',#784,#785,#87,.T.);
#958=EDGE_CURVE('',#785,#775,#88,.T.);
#959=EDGE_CURVE('',#776,#786,#89,.T.);
#960=EDGE_CURVE('',#786,#787,#90,.T.);
#961=EDGE_CURVE('',#787,#788,#91,.T.);
#962=EDGE_CURVE('',#788,#789,#92,.T.);
#963=EDGE_CURVE('',#789,#790,#93,.T.);
#964=EDGE_CURVE('',#790,#791,#94,.T.);
#965=EDGE_CURVE('',#791,#792,#95,.T.);
#966=EDGE_CURVE('',#792,#793,#96,.T.);
#967=EDGE_CURVE('',#793,#794,#97,.T.);
#968=EDGE_CURVE('',#794,#795,#98,.T.);
#969=EDGE_CURVE('',#795,#796,#99,.T.);
#970=EDGE_CURVE('',#796,#731,#100,.T.);
#971=EDGE_CURVE('',#730,#797,#101,.T.);
#972=EDGE_CURVE('',#797,#798,#102,.T.);
#973=EDGE_CURVE('',#798,#799,#103,.T.);
#974=EDGE_CURVE('',#799,#800,#104,.T.);
#975=EDGE_CURVE('',#800,#762,#105,.T.);
#976=EDGE_CURVE('',#801,#802,#106,.T.);
#977=EDGE_CURVE('',#803,#801,#107,.T.);
#978=EDGE_CURVE('',#804,#803,#108,.T.);
#979=EDGE_CURVE('',#802,#804,#109,.T.);
#980=EDGE_CURVE('',#805,#805,#713,.T.);
#981=EDGE_CURVE('',#806,#806,#714,.T.);
#982=EDGE_CURVE('',#807,#785,#110,.T.);
#983=EDGE_CURVE('',#807,#778,#111,.T.);
#984=EDGE_CURVE('',#781,#808,#112,.T.);
#985=EDGE_CURVE('',#782,#808,#113,.T.);
#986=EDGE_CURVE('',#809,#732,#114,.T.);
#987=EDGE_CURVE('',#810,#809,#115,.T.);
#988=EDGE_CURVE('',#811,#810,#116,.T.);
#989=EDGE_CURVE('',#812,#811,#117,.T.);
#990=EDGE_CURVE('',#813,#812,#118,.T.);
#991=EDGE_CURVE('',#814,#813,#119,.T.);
#992=EDGE_CURVE('',#815,#814,#120,.T.);
#993=EDGE_CURVE('',#748,#815,#121,.T.);
#994=EDGE_CURVE('',#816,#816,#715,.T.);
#995=EDGE_CURVE('',#816,#806,#122,.T.);
#996=EDGE_CURVE('',#817,#817,#716,.T.);
#997=EDGE_CURVE('',#817,#805,#123,.T.);
#998=EDGE_CURVE('',#802,#818,#124,.T.);
#999=EDGE_CURVE('',#804,#819,#125,.T.);
#1000=EDGE_CURVE('',#818,#819,#126,.T.);
#1001=EDGE_CURVE('',#820,#809,#127,.T.);
#1002=EDGE_CURVE('',#821,#796,#128,.T.);
#1003=EDGE_CURVE('',#822,#821,#129,.T.);
#1004=EDGE_CURVE('',#822,#820,#130,.T.);
#1005=EDGE_CURVE('',#823,#824,#131,.T.);
#1006=EDGE_CURVE('',#824,#825,#132,.T.);
#1007=EDGE_CURVE('',#825,#823,#133,.T.);
#1008=EDGE_CURVE('',#808,#826,#134,.T.);
#1009=EDGE_CURVE('',#826,#780,#135,.T.);
#1010=EDGE_CURVE('',#827,#807,#136,.T.);
#1011=EDGE_CURVE('',#779,#827,#137,.T.);
#1012=EDGE_CURVE('',#828,#810,#138,.T.);
#1013=EDGE_CURVE('',#829,#828,#139,.T.);
#1014=EDGE_CURVE('',#830,#829,#140,.T.);
#1015=EDGE_CURVE('',#830,#811,#141,.T.);
#1016=EDGE_CURVE('',#831,#822,#142,.T.);
#1017=EDGE_CURVE('',#792,#831,#143,.T.);
#1018=EDGE_CURVE('',#828,#791,#144,.T.);
#1019=EDGE_CURVE('',#832,#742,#145,.T.);
#1020=EDGE_CURVE('',#833,#832,#146,.T.);
#1021=EDGE_CURVE('',#834,#833,#147,.T.);
#1022=EDGE_CURVE('',#835,#834,#148,.T.);
#1023=EDGE_CURVE('',#835,#743,#149,.T.);
#1024=EDGE_CURVE('',#832,#752,#150,.T.);
#1025=EDGE_CURVE('',#836,#739,#151,.T.);
#1026=EDGE_CURVE('',#753,#836,#152,.T.);
#1027=EDGE_CURVE('',#837,#738,#153,.T.);
#1028=EDGE_CURVE('',#836,#837,#154,.T.);
#1029=EDGE_CURVE('',#783,#826,#155,.T.);
#1030=EDGE_CURVE('',#827,#784,#156,.T.);
#1031=EDGE_CURVE('',#834,#758,#157,.T.);
#1032=EDGE_CURVE('',#757,#835,#158,.T.);
#1033=EDGE_CURVE('',#751,#833,#159,.T.);
#1034=EDGE_CURVE('',#838,#756,#160,.T.);
#1035=EDGE_CURVE('',#825,#838,#161,.T.);
#1036=EDGE_CURVE('',#824,#744,#162,.T.);
#1037=EDGE_CURVE('',#839,#815,#163,.T.);
#1038=EDGE_CURVE('',#839,#837,#164,.T.);
#1039=EDGE_CURVE('',#833,#840,#165,.T.);
#1040=EDGE_CURVE('',#840,#841,#166,.T.);
#1041=EDGE_CURVE('',#841,#834,#167,.T.);
#1042=EDGE_CURVE('',#842,#754,#168,.T.);
#1043=EDGE_CURVE('',#842,#843,#169,.T.);
#1044=EDGE_CURVE('',#843,#840,#170,.T.);
#1045=EDGE_CURVE('',#795,#844,#171,.T.);
#1046=EDGE_CURVE('',#821,#844,#172,.T.);
#1047=EDGE_CURVE('',#845,#846,#173,.T.);
#1048=EDGE_CURVE('',#794,#846,#174,.T.);
#1049=EDGE_CURVE('',#793,#845,#175,.T.);
#1050=EDGE_CURVE('',#844,#846,#176,.T.);
#1051=EDGE_CURVE('',#831,#845,#177,.T.);
#1052=EDGE_CURVE('',#847,#830,#178,.T.);
#1053=EDGE_CURVE('',#829,#848,#179,.T.);
#1054=EDGE_CURVE('',#848,#847,#180,.T.);
#1055=EDGE_CURVE('',#848,#849,#181,.T.);
#1056=EDGE_CURVE('',#850,#849,#182,.T.);
#1057=EDGE_CURVE('',#847,#850,#183,.T.);
#1058=EDGE_CURVE('',#851,#852,#184,.T.);
#1059=EDGE_CURVE('',#853,#851,#185,.T.);
#1060=EDGE_CURVE('',#854,#853,#186,.T.);
#1061=EDGE_CURVE('',#852,#854,#187,.T.);
#1062=EDGE_CURVE('',#855,#852,#188,.T.);
#1063=EDGE_CURVE('',#856,#855,#189,.T.);
#1064=EDGE_CURVE('',#851,#856,#190,.T.);
#1065=EDGE_CURVE('',#857,#858,#191,.T.);
#1066=EDGE_CURVE('',#854,#857,#192,.T.);
#1067=EDGE_CURVE('',#858,#853,#193,.T.);
#1068=EDGE_CURVE('',#858,#850,#194,.T.);
#1069=EDGE_CURVE('',#849,#857,#195,.T.);
#1070=EDGE_CURVE('',#841,#859,#196,.T.);
#1071=EDGE_CURVE('',#859,#843,#197,.T.);
#1072=EDGE_CURVE('',#860,#860,#717,.T.);
#1073=EDGE_CURVE('',#860,#861,#198,.T.);
#1074=EDGE_CURVE('',#861,#861,#718,.T.);
#1075=EDGE_CURVE('',#862,#848,#199,.T.);
#1076=EDGE_CURVE('',#862,#863,#200,.T.);
#1077=EDGE_CURVE('',#863,#855,#201,.T.);
#1078=EDGE_CURVE('',#791,#829,#202,.T.);
#1079=EDGE_CURVE('',#864,#859,#203,.T.);
#1080=EDGE_CURVE('',#761,#864,#204,.T.);
#1081=EDGE_CURVE('',#838,#865,#205,.T.);
#1082=EDGE_CURVE('',#865,#823,#206,.T.);
#1083=EDGE_CURVE('',#865,#866,#207,.T.);
#1084=EDGE_CURVE('',#866,#797,#208,.T.);
#1085=EDGE_CURVE('',#866,#867,#209,.T.);
#1086=EDGE_CURVE('',#867,#798,#210,.T.);
#1087=EDGE_CURVE('',#867,#868,#211,.T.);
#1088=EDGE_CURVE('',#868,#799,#212,.T.);
#1089=EDGE_CURVE('',#868,#869,#213,.T.);
#1090=EDGE_CURVE('',#869,#800,#214,.T.);
#1091=EDGE_CURVE('',#869,#764,#215,.T.);
#1092=EDGE_CURVE('',#777,#870,#216,.T.);
#1093=EDGE_CURVE('',#870,#786,#217,.T.);
#1094=EDGE_CURVE('',#870,#871,#218,.T.);
#1095=EDGE_CURVE('',#871,#787,#219,.T.);
#1096=EDGE_CURVE('',#871,#872,#220,.T.);
#1097=EDGE_CURVE('',#872,#788,#221,.T.);
#1098=EDGE_CURVE('',#872,#873,#222,.T.);
#1099=EDGE_CURVE('',#873,#789,#223,.T.);
#1100=EDGE_CURVE('',#873,#874,#224,.T.);
#1101=EDGE_CURVE('',#874,#790,#225,.T.);
#1102=EDGE_CURVE('',#874,#862,#226,.T.);
#1103=EDGE_CURVE('',#863,#875,#227,.T.);
#1104=EDGE_CURVE('',#875,#856,#228,.T.);
#1105=EDGE_CURVE('',#875,#876,#229,.T.);
#1106=EDGE_CURVE('',#876,#847,#230,.T.);
#1107=EDGE_CURVE('',#864,#842,#231,.T.);
#1108=EDGE_CURVE('',#877,#819,#232,.T.);
#1109=EDGE_CURVE('',#803,#877,#233,.T.);
#1110=EDGE_CURVE('',#878,#877,#234,.T.);
#1111=EDGE_CURVE('',#878,#801,#235,.T.);
#1112=EDGE_CURVE('',#818,#878,#236,.T.);
#1113=EDGE_CURVE('',#879,#814,#237,.T.);
#1114=EDGE_CURVE('',#879,#839,#238,.T.);
#1115=EDGE_CURVE('',#880,#813,#239,.T.);
#1116=EDGE_CURVE('',#880,#879,#240,.T.);
#1117=EDGE_CURVE('',#850,#812,#241,.T.);
#1118=EDGE_CURVE('',#847,#850,#242,.T.);
#1119=EDGE_CURVE('',#876,#880,#243,.T.);
#1120=ORIENTED_EDGE('',*,*,#881,.T.);
#1121=ORIENTED_EDGE('',*,*,#882,.T.);
#1122=ORIENTED_EDGE('',*,*,#883,.T.);
#1123=ORIENTED_EDGE('',*,*,#884,.T.);
#1124=ORIENTED_EDGE('',*,*,#882,.F.);
#1125=ORIENTED_EDGE('',*,*,#885,.T.);
#1126=ORIENTED_EDGE('',*,*,#886,.T.);
#1127=ORIENTED_EDGE('',*,*,#887,.F.);
#1128=ORIENTED_EDGE('',*,*,#888,.T.);
#1129=ORIENTED_EDGE('',*,*,#889,.T.);
#1130=ORIENTED_EDGE('',*,*,#881,.F.);
#1131=ORIENTED_EDGE('',*,*,#890,.F.);
#1132=ORIENTED_EDGE('',*,*,#891,.F.);
#1133=ORIENTED_EDGE('',*,*,#892,.F.);
#1134=ORIENTED_EDGE('',*,*,#893,.F.);
#1135=ORIENTED_EDGE('',*,*,#894,.F.);
#1136=ORIENTED_EDGE('',*,*,#895,.F.);
#1137=ORIENTED_EDGE('',*,*,#896,.F.);
#1138=ORIENTED_EDGE('',*,*,#897,.F.);
#1139=ORIENTED_EDGE('',*,*,#898,.F.);
#1140=ORIENTED_EDGE('',*,*,#899,.F.);
#1141=ORIENTED_EDGE('',*,*,#900,.F.);
#1142=ORIENTED_EDGE('',*,*,#901,.F.);
#1143=ORIENTED_EDGE('',*,*,#902,.T.);
#1144=ORIENTED_EDGE('',*,*,#885,.F.);
#1145=ORIENTED_EDGE('',*,*,#892,.T.);
#1146=ORIENTED_EDGE('',*,*,#903,.T.);
#1147=ORIENTED_EDGE('',*,*,#904,.T.);
#1148=ORIENTED_EDGE('',*,*,#905,.T.);
#1149=ORIENTED_EDGE('',*,*,#905,.F.);
#1150=ORIENTED_EDGE('',*,*,#906,.F.);
#1151=ORIENTED_EDGE('',*,*,#907,.F.);
#1152=ORIENTED_EDGE('',*,*,#893,.T.);
#1153=ORIENTED_EDGE('',*,*,#908,.T.);
#1154=ORIENTED_EDGE('',*,*,#909,.T.);
#1155=ORIENTED_EDGE('',*,*,#894,.T.);
#1156=ORIENTED_EDGE('',*,*,#907,.T.);
#1157=ORIENTED_EDGE('',*,*,#903,.F.);
#1158=ORIENTED_EDGE('',*,*,#891,.T.);
#1159=ORIENTED_EDGE('',*,*,#910,.F.);
#1160=ORIENTED_EDGE('',*,*,#911,.T.);
#1161=ORIENTED_EDGE('',*,*,#884,.F.);
#1162=ORIENTED_EDGE('',*,*,#912,.F.);
#1163=ORIENTED_EDGE('',*,*,#910,.T.);
#1164=ORIENTED_EDGE('',*,*,#890,.T.);
#1165=ORIENTED_EDGE('',*,*,#913,.T.);
#1166=ORIENTED_EDGE('',*,*,#914,.T.);
#1167=ORIENTED_EDGE('',*,*,#915,.T.);
#1168=ORIENTED_EDGE('',*,*,#898,.T.);
#1169=ORIENTED_EDGE('',*,*,#916,.F.);
#1170=ORIENTED_EDGE('',*,*,#917,.F.);
#1171=ORIENTED_EDGE('',*,*,#918,.T.);
#1172=ORIENTED_EDGE('',*,*,#919,.F.);
#1173=ORIENTED_EDGE('',*,*,#920,.T.);
#1174=ORIENTED_EDGE('',*,*,#921,.T.);
#1175=ORIENTED_EDGE('',*,*,#922,.F.);
#1176=ORIENTED_EDGE('',*,*,#923,.T.);
#1177=ORIENTED_EDGE('',*,*,#919,.T.);
#1178=ORIENTED_EDGE('',*,*,#924,.T.);
#1179=ORIENTED_EDGE('',*,*,#925,.F.);
#1180=ORIENTED_EDGE('',*,*,#926,.F.);
#1181=ORIENTED_EDGE('',*,*,#923,.F.);
#1182=ORIENTED_EDGE('',*,*,#927,.F.);
#1183=ORIENTED_EDGE('',*,*,#924,.F.);
#1184=ORIENTED_EDGE('',*,*,#928,.F.);
#1185=ORIENTED_EDGE('',*,*,#929,.F.);
#1186=ORIENTED_EDGE('',*,*,#930,.F.);
#1187=ORIENTED_EDGE('',*,*,#931,.F.);
#1188=ORIENTED_EDGE('',*,*,#932,.T.);
#1189=ORIENTED_EDGE('',*,*,#933,.F.);
#1190=ORIENTED_EDGE('',*,*,#932,.F.);
#1191=ORIENTED_EDGE('',*,*,#934,.F.);
#1192=ORIENTED_EDGE('',*,*,#935,.T.);
#1193=ORIENTED_EDGE('',*,*,#936,.F.);
#1194=ORIENTED_EDGE('',*,*,#937,.F.);
#1195=ORIENTED_EDGE('',*,*,#938,.F.);
#1196=ORIENTED_EDGE('',*,*,#935,.F.);
#1197=ORIENTED_EDGE('',*,*,#939,.F.);
#1198=ORIENTED_EDGE('',*,*,#940,.T.);
#1199=ORIENTED_EDGE('',*,*,#941,.F.);
#1200=ORIENTED_EDGE('',*,*,#940,.F.);
#1201=ORIENTED_EDGE('',*,*,#942,.F.);
#1202=ORIENTED_EDGE('',*,*,#943,.T.);
#1203=ORIENTED_EDGE('',*,*,#944,.F.);
#1204=ORIENTED_EDGE('',*,*,#945,.F.);
#1205=ORIENTED_EDGE('',*,*,#946,.F.);
#1206=ORIENTED_EDGE('',*,*,#943,.F.);
#1207=ORIENTED_EDGE('',*,*,#947,.F.);
#1208=ORIENTED_EDGE('',*,*,#948,.T.);
#1209=ORIENTED_EDGE('',*,*,#936,.T.);
#1210=ORIENTED_EDGE('',*,*,#938,.T.);
#1211=ORIENTED_EDGE('',*,*,#941,.T.);
#1212=ORIENTED_EDGE('',*,*,#949,.F.);
#1213=ORIENTED_EDGE('',*,*,#950,.T.);
#1214=ORIENTED_EDGE('',*,*,#951,.F.);
#1215=ORIENTED_EDGE('',*,*,#952,.T.);
#1216=ORIENTED_EDGE('',*,*,#953,.F.);
#1217=ORIENTED_EDGE('',*,*,#929,.T.);
#1218=ORIENTED_EDGE('',*,*,#933,.T.);
#1219=ORIENTED_EDGE('',*,*,#954,.T.);
#1220=ORIENTED_EDGE('',*,*,#955,.T.);
#1221=ORIENTED_EDGE('',*,*,#956,.T.);
#1222=ORIENTED_EDGE('',*,*,#957,.T.);
#1223=ORIENTED_EDGE('',*,*,#958,.T.);
#1224=ORIENTED_EDGE('',*,*,#944,.T.);
#1225=ORIENTED_EDGE('',*,*,#946,.T.);
#1226=ORIENTED_EDGE('',*,*,#959,.T.);
#1227=ORIENTED_EDGE('',*,*,#960,.T.);
#1228=ORIENTED_EDGE('',*,*,#961,.T.);
#1229=ORIENTED_EDGE('',*,*,#962,.T.);
#1230=ORIENTED_EDGE('',*,*,#963,.T.);
#1231=ORIENTED_EDGE('',*,*,#964,.T.);
#1232=ORIENTED_EDGE('',*,*,#965,.T.);
#1233=ORIENTED_EDGE('',*,*,#966,.T.);
#1234=ORIENTED_EDGE('',*,*,#967,.T.);
#1235=ORIENTED_EDGE('',*,*,#968,.T.);
#1236=ORIENTED_EDGE('',*,*,#969,.T.);
#1237=ORIENTED_EDGE('',*,*,#970,.T.);
#1238=ORIENTED_EDGE('',*,*,#887,.T.);
#1239=ORIENTED_EDGE('',*,*,#971,.T.);
#1240=ORIENTED_EDGE('',*,*,#972,.T.);
#1241=ORIENTED_EDGE('',*,*,#973,.T.);
#1242=ORIENTED_EDGE('',*,*,#974,.T.);
#1243=ORIENTED_EDGE('',*,*,#975,.T.);
#1244=ORIENTED_EDGE('',*,*,#976,.F.);
#1245=ORIENTED_EDGE('',*,*,#977,.F.);
#1246=ORIENTED_EDGE('',*,*,#978,.F.);
#1247=ORIENTED_EDGE('',*,*,#979,.F.);
#1248=ORIENTED_EDGE('',*,*,#980,.T.);
#1249=ORIENTED_EDGE('',*,*,#981,.T.);
#1250=ORIENTED_EDGE('',*,*,#945,.T.);
#1251=ORIENTED_EDGE('',*,*,#958,.F.);
#1252=ORIENTED_EDGE('',*,*,#982,.F.);
#1253=ORIENTED_EDGE('',*,*,#983,.T.);
#1254=ORIENTED_EDGE('',*,*,#949,.T.);
#1255=ORIENTED_EDGE('',*,*,#937,.T.);
#1256=ORIENTED_EDGE('',*,*,#953,.T.);
#1257=ORIENTED_EDGE('',*,*,#984,.T.);
#1258=ORIENTED_EDGE('',*,*,#985,.F.);
#1259=ORIENTED_EDGE('',*,*,#954,.F.);
#1260=ORIENTED_EDGE('',*,*,#883,.F.);
#1261=ORIENTED_EDGE('',*,*,#889,.F.);
#1262=ORIENTED_EDGE('',*,*,#986,.F.);
#1263=ORIENTED_EDGE('',*,*,#987,.F.);
#1264=ORIENTED_EDGE('',*,*,#988,.F.);
#1265=ORIENTED_EDGE('',*,*,#989,.F.);
#1266=ORIENTED_EDGE('',*,*,#990,.F.);
#1267=ORIENTED_EDGE('',*,*,#991,.F.);
#1268=ORIENTED_EDGE('',*,*,#992,.F.);
#1269=ORIENTED_EDGE('',*,*,#993,.F.);
#1270=ORIENTED_EDGE('',*,*,#908,.F.);
#1271=ORIENTED_EDGE('',*,*,#906,.T.);
#1272=ORIENTED_EDGE('',*,*,#904,.F.);
#1273=ORIENTED_EDGE('',*,*,#911,.F.);
#1274=ORIENTED_EDGE('',*,*,#912,.T.);
#1275=ORIENTED_EDGE('',*,*,#994,.F.);
#1276=ORIENTED_EDGE('',*,*,#995,.T.);
#1277=ORIENTED_EDGE('',*,*,#981,.F.);
#1278=ORIENTED_EDGE('',*,*,#995,.F.);
#1279=ORIENTED_EDGE('',*,*,#996,.F.);
#1280=ORIENTED_EDGE('',*,*,#997,.T.);
#1281=ORIENTED_EDGE('',*,*,#980,.F.);
#1282=ORIENTED_EDGE('',*,*,#997,.F.);
#1283=ORIENTED_EDGE('',*,*,#998,.F.);
#1284=ORIENTED_EDGE('',*,*,#979,.T.);
#1285=ORIENTED_EDGE('',*,*,#999,.T.);
#1286=ORIENTED_EDGE('',*,*,#1000,.F.);
#1287=ORIENTED_EDGE('',*,*,#1001,.T.);
#1288=ORIENTED_EDGE('',*,*,#986,.T.);
#1289=ORIENTED_EDGE('',*,*,#888,.F.);
#1290=ORIENTED_EDGE('',*,*,#970,.F.);
#1291=ORIENTED_EDGE('',*,*,#1002,.F.);
#1292=ORIENTED_EDGE('',*,*,#1003,.F.);
#1293=ORIENTED_EDGE('',*,*,#1004,.T.);
#1294=ORIENTED_EDGE('',*,*,#1005,.T.);
#1295=ORIENTED_EDGE('',*,*,#1006,.T.);
#1296=ORIENTED_EDGE('',*,*,#1007,.T.);
#1297=ORIENTED_EDGE('',*,*,#1008,.F.);
#1298=ORIENTED_EDGE('',*,*,#984,.F.);
#1299=ORIENTED_EDGE('',*,*,#952,.F.);
#1300=ORIENTED_EDGE('',*,*,#1009,.F.);
#1301=ORIENTED_EDGE('',*,*,#1010,.F.);
#1302=ORIENTED_EDGE('',*,*,#1011,.F.);
#1303=ORIENTED_EDGE('',*,*,#950,.F.);
#1304=ORIENTED_EDGE('',*,*,#983,.F.);
#1305=ORIENTED_EDGE('',*,*,#988,.T.);
#1306=ORIENTED_EDGE('',*,*,#1012,.F.);
#1307=ORIENTED_EDGE('',*,*,#1013,.F.);
#1308=ORIENTED_EDGE('',*,*,#1014,.F.);
#1309=ORIENTED_EDGE('',*,*,#1015,.T.);
#1310=ORIENTED_EDGE('',*,*,#987,.T.);
#1311=ORIENTED_EDGE('',*,*,#1001,.F.);
#1312=ORIENTED_EDGE('',*,*,#1004,.F.);
#1313=ORIENTED_EDGE('',*,*,#1016,.F.);
#1314=ORIENTED_EDGE('',*,*,#1017,.F.);
#1315=ORIENTED_EDGE('',*,*,#965,.F.);
#1316=ORIENTED_EDGE('',*,*,#1018,.F.);
#1317=ORIENTED_EDGE('',*,*,#1012,.T.);
#1318=ORIENTED_EDGE('',*,*,#900,.T.);
#1319=ORIENTED_EDGE('',*,*,#1019,.F.);
#1320=ORIENTED_EDGE('',*,*,#1020,.F.);
#1321=ORIENTED_EDGE('',*,*,#1021,.F.);
#1322=ORIENTED_EDGE('',*,*,#1022,.F.);
#1323=ORIENTED_EDGE('',*,*,#1023,.T.);
#1324=ORIENTED_EDGE('',*,*,#899,.T.);
#1325=ORIENTED_EDGE('',*,*,#915,.F.);
#1326=ORIENTED_EDGE('',*,*,#1024,.F.);
#1327=ORIENTED_EDGE('',*,*,#1019,.T.);
#1328=ORIENTED_EDGE('',*,*,#897,.T.);
#1329=ORIENTED_EDGE('',*,*,#1025,.F.);
#1330=ORIENTED_EDGE('',*,*,#1026,.F.);
#1331=ORIENTED_EDGE('',*,*,#916,.T.);
#1332=ORIENTED_EDGE('',*,*,#896,.T.);
#1333=ORIENTED_EDGE('',*,*,#1027,.F.);
#1334=ORIENTED_EDGE('',*,*,#1028,.F.);
#1335=ORIENTED_EDGE('',*,*,#1025,.T.);
#1336=ORIENTED_EDGE('',*,*,#1008,.T.);
#1337=ORIENTED_EDGE('',*,*,#1029,.F.);
#1338=ORIENTED_EDGE('',*,*,#955,.F.);
#1339=ORIENTED_EDGE('',*,*,#985,.T.);
#1340=ORIENTED_EDGE('',*,*,#1010,.T.);
#1341=ORIENTED_EDGE('',*,*,#982,.T.);
#1342=ORIENTED_EDGE('',*,*,#957,.F.);
#1343=ORIENTED_EDGE('',*,*,#1030,.F.);
#1344=ORIENTED_EDGE('',*,*,#1009,.T.);
#1345=ORIENTED_EDGE('',*,*,#951,.T.);
#1346=ORIENTED_EDGE('',*,*,#1011,.T.);
#1347=ORIENTED_EDGE('',*,*,#1030,.T.);
#1348=ORIENTED_EDGE('',*,*,#956,.F.);
#1349=ORIENTED_EDGE('',*,*,#1029,.T.);
#1350=ORIENTED_EDGE('',*,*,#1031,.T.);
#1351=ORIENTED_EDGE('',*,*,#921,.F.);
#1352=ORIENTED_EDGE('',*,*,#1032,.T.);
#1353=ORIENTED_EDGE('',*,*,#1022,.T.);
#1354=ORIENTED_EDGE('',*,*,#914,.F.);
#1355=ORIENTED_EDGE('',*,*,#1033,.T.);
#1356=ORIENTED_EDGE('',*,*,#1020,.T.);
#1357=ORIENTED_EDGE('',*,*,#1024,.T.);
#1358=ORIENTED_EDGE('',*,*,#901,.T.);
#1359=ORIENTED_EDGE('',*,*,#1023,.F.);
#1360=ORIENTED_EDGE('',*,*,#1032,.F.);
#1361=ORIENTED_EDGE('',*,*,#920,.F.);
#1362=ORIENTED_EDGE('',*,*,#1034,.F.);
#1363=ORIENTED_EDGE('',*,*,#1035,.F.);
#1364=ORIENTED_EDGE('',*,*,#1006,.F.);
#1365=ORIENTED_EDGE('',*,*,#1036,.T.);
#1366=ORIENTED_EDGE('',*,*,#909,.F.);
#1367=ORIENTED_EDGE('',*,*,#993,.T.);
#1368=ORIENTED_EDGE('',*,*,#1037,.F.);
#1369=ORIENTED_EDGE('',*,*,#1038,.T.);
#1370=ORIENTED_EDGE('',*,*,#1027,.T.);
#1371=ORIENTED_EDGE('',*,*,#895,.T.);
#1372=ORIENTED_EDGE('',*,*,#1021,.T.);
#1373=ORIENTED_EDGE('',*,*,#1039,.T.);
#1374=ORIENTED_EDGE('',*,*,#1040,.T.);
#1375=ORIENTED_EDGE('',*,*,#1041,.T.);
#1376=ORIENTED_EDGE('',*,*,#913,.F.);
#1377=ORIENTED_EDGE('',*,*,#928,.T.);
#1378=ORIENTED_EDGE('',*,*,#918,.F.);
#1379=ORIENTED_EDGE('',*,*,#1042,.F.);
#1380=ORIENTED_EDGE('',*,*,#1043,.T.);
#1381=ORIENTED_EDGE('',*,*,#1044,.T.);
#1382=ORIENTED_EDGE('',*,*,#1039,.F.);
#1383=ORIENTED_EDGE('',*,*,#1033,.F.);
#1384=ORIENTED_EDGE('',*,*,#1002,.T.);
#1385=ORIENTED_EDGE('',*,*,#969,.F.);
#1386=ORIENTED_EDGE('',*,*,#1045,.T.);
#1387=ORIENTED_EDGE('',*,*,#1046,.F.);
#1388=ORIENTED_EDGE('',*,*,#1047,.T.);
#1389=ORIENTED_EDGE('',*,*,#1048,.F.);
#1390=ORIENTED_EDGE('',*,*,#967,.F.);
#1391=ORIENTED_EDGE('',*,*,#1049,.T.);
#1392=ORIENTED_EDGE('',*,*,#1050,.F.);
#1393=ORIENTED_EDGE('',*,*,#1045,.F.);
#1394=ORIENTED_EDGE('',*,*,#968,.F.);
#1395=ORIENTED_EDGE('',*,*,#1048,.T.);
#1396=ORIENTED_EDGE('',*,*,#1046,.T.);
#1397=ORIENTED_EDGE('',*,*,#1050,.T.);
#1398=ORIENTED_EDGE('',*,*,#1047,.F.);
#1399=ORIENTED_EDGE('',*,*,#1051,.F.);
#1400=ORIENTED_EDGE('',*,*,#1016,.T.);
#1401=ORIENTED_EDGE('',*,*,#1003,.T.);
#1402=ORIENTED_EDGE('',*,*,#1052,.T.);
#1403=ORIENTED_EDGE('',*,*,#1014,.T.);
#1404=ORIENTED_EDGE('',*,*,#1053,.T.);
#1405=ORIENTED_EDGE('',*,*,#1054,.T.);
#1406=ORIENTED_EDGE('',*,*,#1054,.F.);
#1407=ORIENTED_EDGE('',*,*,#1055,.T.);
#1408=ORIENTED_EDGE('',*,*,#1056,.F.);
#1409=ORIENTED_EDGE('',*,*,#1057,.F.);
#1410=ORIENTED_EDGE('',*,*,#1058,.F.);
#1411=ORIENTED_EDGE('',*,*,#1059,.F.);
#1412=ORIENTED_EDGE('',*,*,#1060,.F.);
#1413=ORIENTED_EDGE('',*,*,#1061,.F.);
#1414=ORIENTED_EDGE('',*,*,#1058,.T.);
#1415=ORIENTED_EDGE('',*,*,#1062,.F.);
#1416=ORIENTED_EDGE('',*,*,#1063,.F.);
#1417=ORIENTED_EDGE('',*,*,#1064,.F.);
#1418=ORIENTED_EDGE('',*,*,#1065,.F.);
#1419=ORIENTED_EDGE('',*,*,#1066,.F.);
#1420=ORIENTED_EDGE('',*,*,#1060,.T.);
#1421=ORIENTED_EDGE('',*,*,#1067,.F.);
#1422=ORIENTED_EDGE('',*,*,#1065,.T.);
#1423=ORIENTED_EDGE('',*,*,#1068,.T.);
#1424=ORIENTED_EDGE('',*,*,#1056,.T.);
#1425=ORIENTED_EDGE('',*,*,#1069,.T.);
#1426=ORIENTED_EDGE('',*,*,#1070,.F.);
#1427=ORIENTED_EDGE('',*,*,#1040,.F.);
#1428=ORIENTED_EDGE('',*,*,#1044,.F.);
#1429=ORIENTED_EDGE('',*,*,#1071,.F.);
#1430=ORIENTED_EDGE('',*,*,#1072,.F.);
#1431=ORIENTED_EDGE('',*,*,#1073,.T.);
#1432=ORIENTED_EDGE('',*,*,#1074,.F.);
#1433=ORIENTED_EDGE('',*,*,#1073,.F.);
#1434=ORIENTED_EDGE('',*,*,#1075,.F.);
#1435=ORIENTED_EDGE('',*,*,#1076,.T.);
#1436=ORIENTED_EDGE('',*,*,#1077,.T.);
#1437=ORIENTED_EDGE('',*,*,#1062,.T.);
#1438=ORIENTED_EDGE('',*,*,#1061,.T.);
#1439=ORIENTED_EDGE('',*,*,#1066,.T.);
#1440=ORIENTED_EDGE('',*,*,#1069,.F.);
#1441=ORIENTED_EDGE('',*,*,#1055,.F.);
#1442=ORIENTED_EDGE('',*,*,#1074,.T.);
#1443=ORIENTED_EDGE('',*,*,#1051,.T.);
#1444=ORIENTED_EDGE('',*,*,#1049,.F.);
#1445=ORIENTED_EDGE('',*,*,#966,.F.);
#1446=ORIENTED_EDGE('',*,*,#1017,.T.);
#1447=ORIENTED_EDGE('',*,*,#1078,.T.);
#1448=ORIENTED_EDGE('',*,*,#1013,.T.);
#1449=ORIENTED_EDGE('',*,*,#1018,.T.);
#1450=ORIENTED_EDGE('',*,*,#925,.T.);
#1451=ORIENTED_EDGE('',*,*,#927,.T.);
#1452=ORIENTED_EDGE('',*,*,#922,.T.);
#1453=ORIENTED_EDGE('',*,*,#1031,.F.);
#1454=ORIENTED_EDGE('',*,*,#1041,.F.);
#1455=ORIENTED_EDGE('',*,*,#1070,.T.);
#1456=ORIENTED_EDGE('',*,*,#1079,.F.);
#1457=ORIENTED_EDGE('',*,*,#1080,.F.);
#1458=ORIENTED_EDGE('',*,*,#1035,.T.);
#1459=ORIENTED_EDGE('',*,*,#1081,.T.);
#1460=ORIENTED_EDGE('',*,*,#1082,.T.);
#1461=ORIENTED_EDGE('',*,*,#1007,.F.);
#1462=ORIENTED_EDGE('',*,*,#1083,.T.);
#1463=ORIENTED_EDGE('',*,*,#1084,.T.);
#1464=ORIENTED_EDGE('',*,*,#971,.F.);
#1465=ORIENTED_EDGE('',*,*,#886,.F.);
#1466=ORIENTED_EDGE('',*,*,#902,.F.);
#1467=ORIENTED_EDGE('',*,*,#1036,.F.);
#1468=ORIENTED_EDGE('',*,*,#1005,.F.);
#1469=ORIENTED_EDGE('',*,*,#1082,.F.);
#1470=ORIENTED_EDGE('',*,*,#1085,.T.);
#1471=ORIENTED_EDGE('',*,*,#1086,.T.);
#1472=ORIENTED_EDGE('',*,*,#972,.F.);
#1473=ORIENTED_EDGE('',*,*,#1084,.F.);
#1474=ORIENTED_EDGE('',*,*,#1087,.T.);
#1475=ORIENTED_EDGE('',*,*,#1088,.T.);
#1476=ORIENTED_EDGE('',*,*,#973,.F.);
#1477=ORIENTED_EDGE('',*,*,#1086,.F.);
#1478=ORIENTED_EDGE('',*,*,#1089,.T.);
#1479=ORIENTED_EDGE('',*,*,#1090,.T.);
#1480=ORIENTED_EDGE('',*,*,#974,.F.);
#1481=ORIENTED_EDGE('',*,*,#1088,.F.);
#1482=ORIENTED_EDGE('',*,*,#1091,.T.);
#1483=ORIENTED_EDGE('',*,*,#930,.T.);
#1484=ORIENTED_EDGE('',*,*,#975,.F.);
#1485=ORIENTED_EDGE('',*,*,#1090,.F.);
#1486=ORIENTED_EDGE('',*,*,#1092,.T.);
#1487=ORIENTED_EDGE('',*,*,#1093,.T.);
#1488=ORIENTED_EDGE('',*,*,#959,.F.);
#1489=ORIENTED_EDGE('',*,*,#948,.F.);
#1490=ORIENTED_EDGE('',*,*,#1094,.T.);
#1491=ORIENTED_EDGE('',*,*,#1095,.T.);
#1492=ORIENTED_EDGE('',*,*,#960,.F.);
#1493=ORIENTED_EDGE('',*,*,#1093,.F.);
#1494=ORIENTED_EDGE('',*,*,#1096,.T.);
#1495=ORIENTED_EDGE('',*,*,#1097,.T.);
#1496=ORIENTED_EDGE('',*,*,#961,.F.);
#1497=ORIENTED_EDGE('',*,*,#1095,.F.);
#1498=ORIENTED_EDGE('',*,*,#1098,.T.);
#1499=ORIENTED_EDGE('',*,*,#1099,.T.);
#1500=ORIENTED_EDGE('',*,*,#962,.F.);
#1501=ORIENTED_EDGE('',*,*,#1097,.F.);
#1502=ORIENTED_EDGE('',*,*,#1100,.T.);
#1503=ORIENTED_EDGE('',*,*,#1101,.T.);
#1504=ORIENTED_EDGE('',*,*,#963,.F.);
#1505=ORIENTED_EDGE('',*,*,#1099,.F.);
#1506=ORIENTED_EDGE('',*,*,#1102,.T.);
#1507=ORIENTED_EDGE('',*,*,#1075,.T.);
#1508=ORIENTED_EDGE('',*,*,#1053,.F.);
#1509=ORIENTED_EDGE('',*,*,#1078,.F.);
#1510=ORIENTED_EDGE('',*,*,#964,.F.);
#1511=ORIENTED_EDGE('',*,*,#1101,.F.);
#1512=ORIENTED_EDGE('',*,*,#1103,.T.);
#1513=ORIENTED_EDGE('',*,*,#1104,.T.);
#1514=ORIENTED_EDGE('',*,*,#1063,.T.);
#1515=ORIENTED_EDGE('',*,*,#1077,.F.);
#1516=ORIENTED_EDGE('',*,*,#1057,.T.);
#1517=ORIENTED_EDGE('',*,*,#1068,.F.);
#1518=ORIENTED_EDGE('',*,*,#1067,.T.);
#1519=ORIENTED_EDGE('',*,*,#1059,.T.);
#1520=ORIENTED_EDGE('',*,*,#1064,.T.);
#1521=ORIENTED_EDGE('',*,*,#1104,.F.);
#1522=ORIENTED_EDGE('',*,*,#1105,.T.);
#1523=ORIENTED_EDGE('',*,*,#1106,.T.);
#1524=ORIENTED_EDGE('',*,*,#1072,.T.);
#1525=ORIENTED_EDGE('',*,*,#1107,.F.);
#1526=ORIENTED_EDGE('',*,*,#1079,.T.);
#1527=ORIENTED_EDGE('',*,*,#1071,.T.);
#1528=ORIENTED_EDGE('',*,*,#1043,.F.);
#1529=ORIENTED_EDGE('',*,*,#1108,.T.);
#1530=ORIENTED_EDGE('',*,*,#999,.F.);
#1531=ORIENTED_EDGE('',*,*,#978,.T.);
#1532=ORIENTED_EDGE('',*,*,#1109,.T.);
#1533=ORIENTED_EDGE('',*,*,#1110,.T.);
#1534=ORIENTED_EDGE('',*,*,#1109,.F.);
#1535=ORIENTED_EDGE('',*,*,#977,.T.);
#1536=ORIENTED_EDGE('',*,*,#1111,.F.);
#1537=ORIENTED_EDGE('',*,*,#1112,.T.);
#1538=ORIENTED_EDGE('',*,*,#1111,.T.);
#1539=ORIENTED_EDGE('',*,*,#976,.T.);
#1540=ORIENTED_EDGE('',*,*,#998,.T.);
#1541=ORIENTED_EDGE('',*,*,#992,.T.);
#1542=ORIENTED_EDGE('',*,*,#1113,.F.);
#1543=ORIENTED_EDGE('',*,*,#1114,.T.);
#1544=ORIENTED_EDGE('',*,*,#1037,.T.);
#1545=ORIENTED_EDGE('',*,*,#991,.T.);
#1546=ORIENTED_EDGE('',*,*,#1115,.F.);
#1547=ORIENTED_EDGE('',*,*,#1116,.T.);
#1548=ORIENTED_EDGE('',*,*,#1113,.T.);
#1549=ORIENTED_EDGE('',*,*,#990,.T.);
#1550=ORIENTED_EDGE('',*,*,#1117,.F.);
#1551=ORIENTED_EDGE('',*,*,#1118,.F.);
#1552=ORIENTED_EDGE('',*,*,#1106,.F.);
#1553=ORIENTED_EDGE('',*,*,#1119,.T.);
#1554=ORIENTED_EDGE('',*,*,#1115,.T.);
#1555=ORIENTED_EDGE('',*,*,#989,.T.);
#1556=ORIENTED_EDGE('',*,*,#1015,.F.);
#1557=ORIENTED_EDGE('',*,*,#1052,.F.);
#1558=ORIENTED_EDGE('',*,*,#1118,.T.);
#1559=ORIENTED_EDGE('',*,*,#1117,.T.);
#1560=ORIENTED_EDGE('',*,*,#931,.T.);
#1561=ORIENTED_EDGE('',*,*,#1091,.F.);
#1562=ORIENTED_EDGE('',*,*,#1089,.F.);
#1563=ORIENTED_EDGE('',*,*,#1087,.F.);
#1564=ORIENTED_EDGE('',*,*,#1085,.F.);
#1565=ORIENTED_EDGE('',*,*,#1083,.F.);
#1566=ORIENTED_EDGE('',*,*,#1081,.F.);
#1567=ORIENTED_EDGE('',*,*,#1034,.T.);
#1568=ORIENTED_EDGE('',*,*,#926,.T.);
#1569=ORIENTED_EDGE('',*,*,#1080,.T.);
#1570=ORIENTED_EDGE('',*,*,#1107,.T.);
#1571=ORIENTED_EDGE('',*,*,#1042,.T.);
#1572=ORIENTED_EDGE('',*,*,#917,.T.);
#1573=ORIENTED_EDGE('',*,*,#1026,.T.);
#1574=ORIENTED_EDGE('',*,*,#1028,.T.);
#1575=ORIENTED_EDGE('',*,*,#1038,.F.);
#1576=ORIENTED_EDGE('',*,*,#1114,.F.);
#1577=ORIENTED_EDGE('',*,*,#1116,.F.);
#1578=ORIENTED_EDGE('',*,*,#1119,.F.);
#1579=ORIENTED_EDGE('',*,*,#1105,.F.);
#1580=ORIENTED_EDGE('',*,*,#1103,.F.);
#1581=ORIENTED_EDGE('',*,*,#1076,.F.);
#1582=ORIENTED_EDGE('',*,*,#1102,.F.);
#1583=ORIENTED_EDGE('',*,*,#1100,.F.);
#1584=ORIENTED_EDGE('',*,*,#1098,.F.);
#1585=ORIENTED_EDGE('',*,*,#1096,.F.);
#1586=ORIENTED_EDGE('',*,*,#1094,.F.);
#1587=ORIENTED_EDGE('',*,*,#1092,.F.);
#1588=ORIENTED_EDGE('',*,*,#947,.T.);
#1589=ORIENTED_EDGE('',*,*,#942,.T.);
#1590=ORIENTED_EDGE('',*,*,#939,.T.);
#1591=ORIENTED_EDGE('',*,*,#934,.T.);
#1592=ORIENTED_EDGE('',*,*,#994,.T.);
#1593=ORIENTED_EDGE('',*,*,#996,.T.);
#1594=ORIENTED_EDGE('',*,*,#1110,.F.);
#1595=ORIENTED_EDGE('',*,*,#1112,.F.);
#1596=ORIENTED_EDGE('',*,*,#1000,.T.);
#1597=ORIENTED_EDGE('',*,*,#1108,.F.);
#1598=CONICAL_SURFACE('',#1697,8.375,0.785398163397451);
#1599=CONICAL_SURFACE('',#1702,6.3,0.785398163397451);
#1600=CONICAL_SURFACE('',#1707,6.3,0.785398163397451);
#1601=ADVANCED_FACE('',(#528),#1598,.F.);
#1602=ADVANCED_FACE('',(#529),#456,.F.);
#1603=ADVANCED_FACE('',(#530),#457,.F.);
#1604=ADVANCED_FACE('',(#531),#1599,.F.);
#1605=ADVANCED_FACE('',(#532),#25,.F.);
#1606=ADVANCED_FACE('',(#533),#1600,.F.);
#1607=ADVANCED_FACE('',(#534),#458,.T.);
#1608=ADVANCED_FACE('',(#535),#26,.F.);
#1609=ADVANCED_FACE('',(#536),#459,.T.);
#1610=ADVANCED_FACE('',(#537),#460,.T.);
#1611=ADVANCED_FACE('',(#538),#27,.F.);
#1612=ADVANCED_FACE('',(#539),#461,.F.);
#1613=ADVANCED_FACE('',(#540),#462,.F.);
#1614=ADVANCED_FACE('',(#541),#463,.F.);
#1615=ADVANCED_FACE('',(#542),#464,.F.);
#1616=ADVANCED_FACE('',(#543),#465,.F.);
#1617=ADVANCED_FACE('',(#544),#28,.F.);
#1618=ADVANCED_FACE('',(#545,#15,#16,#17),#466,.T.);
#1619=ADVANCED_FACE('',(#546),#467,.T.);
#1620=ADVANCED_FACE('',(#547),#468,.T.);
#1621=ADVANCED_FACE('',(#548),#469,.F.);
#1622=ADVANCED_FACE('',(#549),#29,.F.);
#1623=ADVANCED_FACE('',(#550),#30,.F.);
#1624=ADVANCED_FACE('',(#551),#470,.F.);
#1625=ADVANCED_FACE('',(#552),#471,.T.);
#1626=ADVANCED_FACE('',(#553),#472,.T.);
#1627=ADVANCED_FACE('',(#554),#473,.F.);
#1628=ADVANCED_FACE('',(#555),#474,.F.);
#1629=ADVANCED_FACE('',(#556),#475,.T.);
#1630=ADVANCED_FACE('',(#557),#476,.T.);
#1631=ADVANCED_FACE('',(#558),#477,.T.);
#1632=ADVANCED_FACE('',(#559),#478,.T.);
#1633=ADVANCED_FACE('',(#560),#479,.T.);
#1634=ADVANCED_FACE('',(#561),#480,.T.);
#1635=ADVANCED_FACE('',(#562),#481,.T.);
#1636=ADVANCED_FACE('',(#563),#482,.T.);
#1637=ADVANCED_FACE('',(#564),#483,.T.);
#1638=ADVANCED_FACE('',(#565),#484,.F.);
#1639=ADVANCED_FACE('',(#566),#485,.F.);
#1640=ADVANCED_FACE('',(#567),#486,.T.);
#1641=ADVANCED_FACE('',(#568),#487,.T.);
#1642=ADVANCED_FACE('',(#569),#488,.T.);
#1643=ADVANCED_FACE('',(#570),#489,.T.);
#1644=ADVANCED_FACE('',(#571),#490,.T.);
#1645=ADVANCED_FACE('',(#572),#491,.T.);
#1646=ADVANCED_FACE('',(#573),#492,.T.);
#1647=ADVANCED_FACE('',(#574),#493,.T.);
#1648=ADVANCED_FACE('',(#575),#494,.T.);
#1649=ADVANCED_FACE('',(#576),#495,.T.);
#1650=ADVANCED_FACE('',(#577),#496,.F.);
#1651=ADVANCED_FACE('',(#578),#497,.F.);
#1652=ADVANCED_FACE('',(#579),#498,.F.);
#1653=ADVANCED_FACE('',(#580),#499,.T.);
#1654=ADVANCED_FACE('',(#581),#500,.F.);
#1655=ADVANCED_FACE('',(#582),#31,.F.);
#1656=ADVANCED_FACE('',(#583,#18),#501,.T.);
#1657=ADVANCED_FACE('',(#584),#502,.T.);
#1658=ADVANCED_FACE('',(#585),#503,.F.);
#1659=ADVANCED_FACE('',(#586),#504,.T.);
#1660=ADVANCED_FACE('',(#587),#505,.T.);
#1661=ADVANCED_FACE('',(#588),#506,.T.);
#1662=ADVANCED_FACE('',(#589),#507,.T.);
#1663=ADVANCED_FACE('',(#590),#508,.T.);
#1664=ADVANCED_FACE('',(#591),#509,.T.);
#1665=ADVANCED_FACE('',(#592),#510,.T.);
#1666=ADVANCED_FACE('',(#593),#511,.T.);
#1667=ADVANCED_FACE('',(#594),#512,.T.);
#1668=ADVANCED_FACE('',(#595),#513,.T.);
#1669=ADVANCED_FACE('',(#596),#514,.T.);
#1670=ADVANCED_FACE('',(#597),#515,.T.);
#1671=ADVANCED_FACE('',(#598),#516,.T.);
#1672=ADVANCED_FACE('',(#599),#517,.T.);
#1673=ADVANCED_FACE('',(#600,#19),#518,.T.);
#1674=ADVANCED_FACE('',(#601),#519,.T.);
#1675=ADVANCED_FACE('',(#602),#520,.T.);
#1676=ADVANCED_FACE('',(#603),#521,.T.);
#1677=ADVANCED_FACE('',(#604),#522,.T.);
#1678=ADVANCED_FACE('',(#605),#523,.T.);
#1679=ADVANCED_FACE('',(#606),#524,.T.);
#1680=ADVANCED_FACE('',(#607),#525,.T.);
#1681=ADVANCED_FACE('',(#608),#526,.T.);
#1682=ADVANCED_FACE('',(#609,#20,#21,#22),#527,.T.);
#1683=CLOSED_SHELL('',(#1601,#1602,#1603,#1604,#1605,#1606,#1607,#1608,
#1609,#1610,#1611,#1612,#1613,#1614,#1615,#1616,#1617,#1618,#1619,#1620,
#1621,#1622,#1623,#1624,#1625,#1626,#1627,#1628,#1629,#1630,#1631,#1632,
#1633,#1634,#1635,#1636,#1637,#1638,#1639,#1640,#1641,#1642,#1643,#1644,
#1645,#1646,#1647,#1648,#1649,#1650,#1651,#1652,#1653,#1654,#1655,#1656,
#1657,#1658,#1659,#1660,#1661,#1662,#1663,#1664,#1665,#1666,#1667,#1668,
#1669,#1670,#1671,#1672,#1673,#1674,#1675,#1676,#1677,#1678,#1679,#1680,
#1681,#1682));
#1684=DERIVED_UNIT_ELEMENT(#1686,1.);
#1685=DERIVED_UNIT_ELEMENT(#2715,-3.);
#1686=(
MASS_UNIT()
NAMED_UNIT(*)
SI_UNIT(.KILO.,.GRAM.)
);
#1687=DERIVED_UNIT((#1684,#1685));
#1688=MEASURE_REPRESENTATION_ITEM('density measure',
POSITIVE_RATIO_MEASURE(7850.),#1687);
#1689=PROPERTY_DEFINITION_REPRESENTATION(#1694,#1691);
#1690=PROPERTY_DEFINITION_REPRESENTATION(#1695,#1692);
#1691=REPRESENTATION('material name',(#1693),#2712);
#1692=REPRESENTATION('density',(#1688),#2712);
#1693=DESCRIPTIVE_REPRESENTATION_ITEM('Steel','Steel');
#1694=PROPERTY_DEFINITION('material property','material name',#2722);
#1695=PROPERTY_DEFINITION('material property','density of part',#2722);
#1696=AXIS2_PLACEMENT_3D('',#2220,#1800,#1801);
#1697=AXIS2_PLACEMENT_3D('',#2221,#1802,#1803);
#1698=AXIS2_PLACEMENT_3D('',#2228,#1804,#1805);
#1699=AXIS2_PLACEMENT_3D('',#2233,#1806,#1807);
#1700=AXIS2_PLACEMENT_3D('',#2234,#1808,#1809);
#1701=AXIS2_PLACEMENT_3D('',#2244,#1815,#1816);
#1702=AXIS2_PLACEMENT_3D('',#2274,#1828,#1829);
#1703=AXIS2_PLACEMENT_3D('',#2276,#1830,#1831);
#1704=AXIS2_PLACEMENT_3D('',#2281,#1832,#1833);
#1705=AXIS2_PLACEMENT_3D('',#2282,#1834,#1835);
#1706=AXIS2_PLACEMENT_3D('',#2285,#1837,#1838);
#1707=AXIS2_PLACEMENT_3D('',#2286,#1839,#1840);
#1708=AXIS2_PLACEMENT_3D('',#2291,#1841,#1842);
#1709=AXIS2_PLACEMENT_3D('',#2292,#1843,#1844);
#1710=AXIS2_PLACEMENT_3D('',#2294,#1845,#1846);
#1711=AXIS2_PLACEMENT_3D('',#2296,#1848,#1849);
#1712=AXIS2_PLACEMENT_3D('',#2298,#1851,#1852);
#1713=AXIS2_PLACEMENT_3D('',#2312,#1860,#1861);
#1714=AXIS2_PLACEMENT_3D('',#2326,#1869,#1870);
#1715=AXIS2_PLACEMENT_3D('',#2327,#1871,#1872);
#1716=AXIS2_PLACEMENT_3D('',#2328,#1873,#1874);
#1717=AXIS2_PLACEMENT_3D('',#2329,#1875,#1876);
#1718=AXIS2_PLACEMENT_3D('',#2338,#1881,#1882);
#1719=AXIS2_PLACEMENT_3D('',#2346,#1886,#1887);
#1720=AXIS2_PLACEMENT_3D('',#2348,#1889,#1890);
#1721=AXIS2_PLACEMENT_3D('',#2350,#1891,#1892);
#1722=AXIS2_PLACEMENT_3D('',#2354,#1895,#1896);
#1723=AXIS2_PLACEMENT_3D('',#2356,#1897,#1898);
#1724=AXIS2_PLACEMENT_3D('',#2364,#1903,#1904);
#1725=AXIS2_PLACEMENT_3D('',#2370,#1908,#1909);
#1726=AXIS2_PLACEMENT_3D('',#2372,#1910,#1911);
#1727=AXIS2_PLACEMENT_3D('',#2376,#1913,#1914);
#1728=AXIS2_PLACEMENT_3D('',#2379,#1916,#1917);
#1729=AXIS2_PLACEMENT_3D('',#2380,#1918,#1919);
#1730=AXIS2_PLACEMENT_3D('',#2431,#1946,#1947);
#1731=AXIS2_PLACEMENT_3D('',#2433,#1948,#1949);
#1732=AXIS2_PLACEMENT_3D('',#2434,#1950,#1951);
#1733=AXIS2_PLACEMENT_3D('',#2438,#1954,#1955);
#1734=AXIS2_PLACEMENT_3D('',#2442,#1958,#1959);
#1735=AXIS2_PLACEMENT_3D('',#2458,#1968,#1969);
#1736=AXIS2_PLACEMENT_3D('',#2460,#1970,#1971);
#1737=AXIS2_PLACEMENT_3D('',#2462,#1973,#1974);
#1738=AXIS2_PLACEMENT_3D('',#2464,#1975,#1976);
#1739=AXIS2_PLACEMENT_3D('',#2466,#1978,#1979);
#1740=AXIS2_PLACEMENT_3D('',#2472,#1983,#1984);
#1741=AXIS2_PLACEMENT_3D('',#2480,#1989,#1990);
#1742=AXIS2_PLACEMENT_3D('',#2487,#1994,#1995);
#1743=AXIS2_PLACEMENT_3D('',#2491,#1998,#1999);
#1744=AXIS2_PLACEMENT_3D('',#2495,#2002,#2003);
#1745=AXIS2_PLACEMENT_3D('',#2503,#2008,#2009);
#1746=AXIS2_PLACEMENT_3D('',#2508,#2013,#2014);
#1747=AXIS2_PLACEMENT_3D('',#2518,#2020,#2021);
#1748=AXIS2_PLACEMENT_3D('',#2520,#2023,#2024);
#1749=AXIS2_PLACEMENT_3D('',#2524,#2027,#2028);
#1750=AXIS2_PLACEMENT_3D('',#2528,#2031,#2032);
#1751=AXIS2_PLACEMENT_3D('',#2530,#2034,#2035);
#1752=AXIS2_PLACEMENT_3D('',#2532,#2037,#2038);
#1753=AXIS2_PLACEMENT_3D('',#2533,#2039,#2040);
#1754=AXIS2_PLACEMENT_3D('',#2536,#2043,#2044);
#1755=AXIS2_PLACEMENT_3D('',#2538,#2046,#2047);
#1756=AXIS2_PLACEMENT_3D('',#2543,#2051,#2052);
#1757=AXIS2_PLACEMENT_3D('',#2547,#2055,#2056);
#1758=AXIS2_PLACEMENT_3D('',#2553,#2060,#2061);
#1759=AXIS2_PLACEMENT_3D('',#2559,#2065,#2066);
#1760=AXIS2_PLACEMENT_3D('',#2563,#2069,#2070);
#1761=AXIS2_PLACEMENT_3D('',#2569,#2074,#2075);
#1762=AXIS2_PLACEMENT_3D('',#2571,#2077,#2078);
#1763=AXIS2_PLACEMENT_3D('',#2573,#2080,#2081);
#1764=AXIS2_PLACEMENT_3D('',#2579,#2085,#2086);
#1765=AXIS2_PLACEMENT_3D('',#2585,#2090,#2091);
#1766=AXIS2_PLACEMENT_3D('',#2594,#2096,#2097);
#1767=AXIS2_PLACEMENT_3D('',#2600,#2101,#2102);
#1768=AXIS2_PLACEMENT_3D('',#2606,#2106,#2107);
#1769=AXIS2_PLACEMENT_3D('',#2609,#2110,#2111);
#1770=AXIS2_PLACEMENT_3D('',#2613,#2114,#2115);
#1771=AXIS2_PLACEMENT_3D('',#2615,#2116,#2117);
#1772=AXIS2_PLACEMENT_3D('',#2618,#2119,#2120);
#1773=AXIS2_PLACEMENT_3D('',#2619,#2121,#2122);
#1774=AXIS2_PLACEMENT_3D('',#2625,#2126,#2127);
#1775=AXIS2_PLACEMENT_3D('',#2626,#2128,#2129);
#1776=AXIS2_PLACEMENT_3D('',#2628,#2131,#2132);
#1777=AXIS2_PLACEMENT_3D('',#2632,#2135,#2136);
#1778=AXIS2_PLACEMENT_3D('',#2636,#2139,#2140);
#1779=AXIS2_PLACEMENT_3D('',#2640,#2143,#2144);
#1780=AXIS2_PLACEMENT_3D('',#2644,#2147,#2148);
#1781=AXIS2_PLACEMENT_3D('',#2648,#2151,#2152);
#1782=AXIS2_PLACEMENT_3D('',#2652,#2155,#2156);
#1783=AXIS2_PLACEMENT_3D('',#2654,#2158,#2159);
#1784=AXIS2_PLACEMENT_3D('',#2658,#2162,#2163);
#1785=AXIS2_PLACEMENT_3D('',#2662,#2166,#2167);
#1786=AXIS2_PLACEMENT_3D('',#2666,#2170,#2171);
#1787=AXIS2_PLACEMENT_3D('',#2670,#2174,#2175);
#1788=AXIS2_PLACEMENT_3D('',#2674,#2178,#2179);
#1789=AXIS2_PLACEMENT_3D('',#2676,#2181,#2182);
#1790=AXIS2_PLACEMENT_3D('',#2680,#2185,#2186);
#1791=AXIS2_PLACEMENT_3D('',#2684,#2189,#2190);
#1792=AXIS2_PLACEMENT_3D('',#2686,#2192,#2193);
#1793=AXIS2_PLACEMENT_3D('',#2690,#2196,#2197);
#1794=AXIS2_PLACEMENT_3D('',#2694,#2200,#2201);
#1795=AXIS2_PLACEMENT_3D('',#2696,#2203,#2204);
#1796=AXIS2_PLACEMENT_3D('',#2700,#2207,#2208);
#1797=AXIS2_PLACEMENT_3D('',#2704,#2211,#2212);
#1798=AXIS2_PLACEMENT_3D('',#2708,#2216,#2217);
#1799=AXIS2_PLACEMENT_3D('',#2709,#2218,#2219);
#1800=DIRECTION('axis',(0.,0.,1.));
#1801=DIRECTION('refdir',(1.,0.,0.));
#1802=DIRECTION('center_axis',(0.,0.,-1.));
#1803=DIRECTION('ref_axis',(-1.83697019872103E-16,1.,0.));
#1804=DIRECTION('center_axis',(0.,0.,-1.));
#1805=DIRECTION('ref_axis',(1.,0.,0.));
#1806=DIRECTION('center_axis',(0.,0.,1.));
#1807=DIRECTION('ref_axis',(1.,0.,0.));
#1808=DIRECTION('center_axis',(0.,0.,1.));
#1809=DIRECTION('ref_axis',(1.,0.,0.));
#1810=DIRECTION('',(-1.,0.,0.));
#1811=DIRECTION('',(0.,1.,0.));
#1812=DIRECTION('',(-1.,0.,0.));
#1813=DIRECTION('',(0.,-1.,0.));
#1814=DIRECTION('',(-1.,0.,0.));
#1815=DIRECTION('center_axis',(0.,1.,0.));
#1816=DIRECTION('ref_axis',(0.,0.,1.));
#1817=DIRECTION('',(0.,0.,-1.));
#1818=DIRECTION('',(-1.,0.,0.));
#1819=DIRECTION('',(0.,0.,1.));
#1820=DIRECTION('',(1.,0.,0.));
#1821=DIRECTION('',(0.866409306080487,0.,0.499334471408824));
#1822=DIRECTION('',(1.09139766003185E-6,0.,0.999999999999404));
#1823=DIRECTION('',(0.866331205263144,0.,0.499469961846864));
#1824=DIRECTION('',(1.,0.,0.));
#1825=DIRECTION('',(0.,0.,1.));
#1826=DIRECTION('',(-1.,0.,0.));
#1827=DIRECTION('',(0.,0.,-1.));
#1828=DIRECTION('center_axis',(0.,0.,-1.));
#1829=DIRECTION('ref_axis',(-5.64605619909153E-14,1.,0.));
#1830=DIRECTION('center_axis',(0.,0.,-1.));
#1831=DIRECTION('ref_axis',(-1.,0.,0.));
#1832=DIRECTION('center_axis',(0.,0.,1.));
#1833=DIRECTION('ref_axis',(-1.,0.,0.));
#1834=DIRECTION('center_axis',(0.,0.,1.));
#1835=DIRECTION('ref_axis',(-5.66597218409359E-14,1.,0.));
#1836=DIRECTION('',(0.,0.,-1.));
#1837=DIRECTION('center_axis',(0.,0.,-1.));
#1838=DIRECTION('ref_axis',(-1.,0.,0.));
#1839=DIRECTION('center_axis',(0.,0.,1.));
#1840=DIRECTION('ref_axis',(-5.66597218409359E-14,1.,0.));
#1841=DIRECTION('center_axis',(0.,0.,1.));
#1842=DIRECTION('ref_axis',(-1.,0.,0.));
#1843=DIRECTION('center_axis',(0.,0.,-1.));
#1844=DIRECTION('ref_axis',(-1.,0.,0.));
#1845=DIRECTION('center_axis',(0.,0.,1.));
#1846=DIRECTION('ref_axis',(1.,0.,0.));
#1847=DIRECTION('',(-1.,0.,0.));
#1848=DIRECTION('center_axis',(0.,0.,-1.));
#1849=DIRECTION('ref_axis',(-1.83697019872103E-16,1.,0.));
#1850=DIRECTION('',(0.,0.,1.));
#1851=DIRECTION('center_axis',(-0.499469961846864,0.,0.866331205263144));
#1852=DIRECTION('ref_axis',(-0.866331205263144,0.,-0.499469961846864));
#1853=DIRECTION('',(0.,-1.,0.));
#1854=DIRECTION('',(0.866331205263144,0.,0.499469961846864));
#1855=DIRECTION('',(0.,-1.,0.));
#1856=DIRECTION('',(0.,-1.,0.));
#1857=DIRECTION('',(0.866331205263144,0.,0.499469961846864));
#1858=DIRECTION('',(0.,-1.,0.));
#1859=DIRECTION('',(0.,1.,0.));
#1860=DIRECTION('center_axis',(-1.,0.,0.));
#1861=DIRECTION('ref_axis',(0.,0.,-1.));
#1862=DIRECTION('',(0.,-1.,0.));
#1863=DIRECTION('',(0.,0.,1.));
#1864=DIRECTION('',(0.,-1.,0.));
#1865=DIRECTION('',(0.,0.,1.));
#1866=DIRECTION('',(0.,0.,-1.));
#1867=DIRECTION('',(0.,-1.,0.));
#1868=DIRECTION('',(0.,0.,1.));
#1869=DIRECTION('center_axis',(0.,0.,-1.));
#1870=DIRECTION('ref_axis',(-1.,-5.66553889764798E-16,0.));
#1871=DIRECTION('center_axis',(0.,0.,1.));
#1872=DIRECTION('ref_axis',(1.,0.,0.));
#1873=DIRECTION('center_axis',(0.,0.,-1.));
#1874=DIRECTION('ref_axis',(1.,0.,0.));
#1875=DIRECTION('center_axis',(0.500341906876252,0.,0.865827913746973));
#1876=DIRECTION('ref_axis',(-0.865827913746973,0.,0.500341906876252));
#1877=DIRECTION('',(0.865827913746973,0.,-0.500341906876252));
#1878=DIRECTION('',(0.,-1.,0.));
#1879=DIRECTION('',(-0.865827913746973,0.,0.500341906876252));
#1880=DIRECTION('',(0.,-1.,0.));
#1881=DIRECTION('center_axis',(-0.5,0.,0.866025403784439));
#1882=DIRECTION('ref_axis',(-0.866025403784439,0.,-0.5));
#1883=DIRECTION('',(0.866025403784439,0.,0.5));
#1884=DIRECTION('',(-0.866025403784439,0.,-0.5));
#1885=DIRECTION('',(0.,-1.,0.));
#1886=DIRECTION('center_axis',(0.5,0.,-0.866025403784439));
#1887=DIRECTION('ref_axis',(0.866025403784438,0.,0.5));
#1888=DIRECTION('',(-1.67214144150364E-16,-1.,-9.65411311375256E-17));
#1889=DIRECTION('center_axis',(0.,0.,1.));
#1890=DIRECTION('ref_axis',(-1.,0.,0.));
#1891=DIRECTION('center_axis',(0.,0.,-1.));
#1892=DIRECTION('ref_axis',(1.,0.,0.));
#1893=DIRECTION('',(-1.,0.,0.));
#1894=DIRECTION('',(0.,-1.,0.));
#1895=DIRECTION('center_axis',(0.49825763491124,0.,0.867029024458039));
#1896=DIRECTION('ref_axis',(-0.867029024458039,0.,0.49825763491124));
#1897=DIRECTION('center_axis',(-0.49825763491124,0.,-0.867029024458039));
#1898=DIRECTION('ref_axis',(0.867029024458039,0.,-0.49825763491124));
#1899=DIRECTION('',(-0.867029024458039,0.,0.49825763491124));
#1900=DIRECTION('',(0.,-1.,0.));
#1901=DIRECTION('',(0.867029024458039,0.,-0.49825763491124));
#1902=DIRECTION('',(-1.67993336951386E-16,1.,9.65411311375256E-17));
#1903=DIRECTION('center_axis',(-0.5,0.,0.866025403784438));
#1904=DIRECTION('ref_axis',(-0.866025403784438,0.,-0.5));
#1905=DIRECTION('',(0.866025403784438,0.,0.5));
#1906=DIRECTION('',(-0.866025403784438,0.,-0.5));
#1907=DIRECTION('',(0.,-1.,0.));
#1908=DIRECTION('center_axis',(0.,0.,-1.));
#1909=DIRECTION('ref_axis',(6.12323399573677E-17,1.,0.));
#1910=DIRECTION('center_axis',(9.25185840067954E-17,-9.65411311375256E-17,
1.));
#1911=DIRECTION('ref_axis',(1.,0.,0.));
#1912=DIRECTION('',(0.,0.,1.));
#1913=DIRECTION('center_axis',(0.,0.,-1.));
#1914=DIRECTION('ref_axis',(1.,0.,0.));
#1915=DIRECTION('',(0.,0.,-1.));
#1916=DIRECTION('center_axis',(9.25185840067954E-17,-9.65411311375256E-17,
1.));
#1917=DIRECTION('ref_axis',(1.,0.,0.));
#1918=DIRECTION('center_axis',(0.,-1.,0.));
#1919=DIRECTION('ref_axis',(0.,0.,-1.));
#1920=DIRECTION('',(-1.,0.,9.25185840067954E-17));
#1921=DIRECTION('',(0.,0.,1.));
#1922=DIRECTION('',(1.,0.,0.));
#1923=DIRECTION('',(0.,0.,-1.));
#1924=DIRECTION('',(-1.,0.,9.25185840067954E-17));
#1925=DIRECTION('',(0.863471241132787,0.,0.504398072693191));
#1926=DIRECTION('',(0.,0.,1.));
#1927=DIRECTION('',(-0.864612228978173,0.,0.502439741164446));
#1928=DIRECTION('',(-1.,0.,0.));
#1929=DIRECTION('',(0.,0.,1.));
#1930=DIRECTION('',(0.858192793653201,0.,0.513327506492409));
#1931=DIRECTION('',(-1.,0.,0.));
#1932=DIRECTION('',(0.,0.,1.));
#1933=DIRECTION('',(-1.,0.,0.));
#1934=DIRECTION('',(0.,0.,-1.));
#1935=DIRECTION('',(-1.,0.,0.));
#1936=DIRECTION('',(0.,0.,-1.));
#1937=DIRECTION('',(0.,0.,-1.));
#1938=DIRECTION('',(-1.,0.,0.));
#1939=DIRECTION('',(-0.866332585536929,0.,-0.499467567752801));
#1940=DIRECTION('',(0.,0.,-1.));
#1941=DIRECTION('',(0.864677502955832,0.,-0.502327399095517));
#1942=DIRECTION('',(0.0077661141687876,0.,0.999969843280645));
#1943=DIRECTION('',(1.,0.,0.));
#1944=DIRECTION('',(0.,0.,-1.));
#1945=DIRECTION('',(-1.,0.,0.));
#1946=DIRECTION('center_axis',(0.,1.,0.));
#1947=DIRECTION('ref_axis',(0.,0.,1.));
#1948=DIRECTION('center_axis',(0.,1.,0.));
#1949=DIRECTION('ref_axis',(0.,0.,1.));
#1950=DIRECTION('center_axis',(-9.25185840067954E-17,9.65411311375256E-17,
-1.));
#1951=DIRECTION('ref_axis',(1.,0.,-9.25185840067954E-17));
#1952=DIRECTION('',(0.,1.,0.));
#1953=DIRECTION('',(-1.,0.,9.25185840067954E-17));
#1954=DIRECTION('center_axis',(-9.25185840067954E-17,9.65411311375256E-17,
-1.));
#1955=DIRECTION('ref_axis',(1.,0.,-9.25185840067954E-17));
#1956=DIRECTION('',(-1.,0.,9.25185840067954E-17));
#1957=DIRECTION('',(0.,-1.,-9.65411311375256E-17));
#1958=DIRECTION('center_axis',(0.,1.,0.));
#1959=DIRECTION('ref_axis',(0.,0.,1.));
#1960=DIRECTION('',(0.,0.,-1.));
#1961=DIRECTION('',(-1.,0.,0.));
#1962=DIRECTION('',(0.,0.,-1.));
#1963=DIRECTION('',(-1.,0.,0.));
#1964=DIRECTION('',(0.854888279509623,0.,-0.518812133201486));
#1965=DIRECTION('',(0.,0.,-1.));
#1966=DIRECTION('',(0.865957778047843,0.,-0.500117112923006));
#1967=DIRECTION('',(1.,0.,0.));
#1968=DIRECTION('center_axis',(0.,-1.,0.));
#1969=DIRECTION('ref_axis',(0.,0.,1.));
#1970=DIRECTION('center_axis',(0.,-1.,0.));
#1971=DIRECTION('ref_axis',(0.,0.,1.));
#1972=DIRECTION('',(0.,-1.,0.));
#1973=DIRECTION('center_axis',(0.,-1.,0.));
#1974=DIRECTION('ref_axis',(0.,0.,1.));
#1975=DIRECTION('center_axis',(0.,-1.,0.));
#1976=DIRECTION('ref_axis',(0.,0.,1.));
#1977=DIRECTION('',(0.,-1.,0.));
#1978=DIRECTION('center_axis',(0.,0.,1.));
#1979=DIRECTION('ref_axis',(1.,0.,0.));
#1980=DIRECTION('',(0.,1.,0.));
#1981=DIRECTION('',(0.,1.,0.));
#1982=DIRECTION('',(-1.,8.17673835728284E-32,0.));
#1983=DIRECTION('center_axis',(1.,0.,0.));
#1984=DIRECTION('ref_axis',(0.,-1.,0.));
#1985=DIRECTION('',(0.,-1.,0.));
#1986=DIRECTION('',(0.,1.,0.));
#1987=DIRECTION('',(0.,0.,1.));
#1988=DIRECTION('',(7.55856034048972E-8,-0.999999999999997,0.));
#1989=DIRECTION('center_axis',(0.,-1.,0.));
#1990=DIRECTION('ref_axis',(0.,0.,-1.));
#1991=DIRECTION('',(0.,0.,1.));
#1992=DIRECTION('',(-1.,0.,0.));
#1993=DIRECTION('',(0.862297426979304,0.,-0.506402159775087));
#1994=DIRECTION('center_axis',(0.,1.,0.));
#1995=DIRECTION('ref_axis',(0.,0.,1.));
#1996=DIRECTION('',(0.,0.,1.));
#1997=DIRECTION('',(1.,0.,0.));
#1998=DIRECTION('center_axis',(0.,1.,0.));
#1999=DIRECTION('ref_axis',(0.,0.,1.));
#2000=DIRECTION('',(0.,0.,-1.));
#2001=DIRECTION('',(1.,0.,0.));
#2002=DIRECTION('center_axis',(1.,0.,0.));
#2003=DIRECTION('ref_axis',(0.,0.,1.));
#2004=DIRECTION('',(0.,-1.,0.));
#2005=DIRECTION('',(0.,0.,-1.));
#2006=DIRECTION('',(0.,0.,-1.));
#2007=DIRECTION('',(0.,-1.,0.));
#2008=DIRECTION('center_axis',(0.,0.,-1.));
#2009=DIRECTION('ref_axis',(1.,0.,0.));
#2010=DIRECTION('',(-1.,0.,0.));
#2011=DIRECTION('',(0.,-1.,0.));
#2012=DIRECTION('',(-1.,0.,0.));
#2013=DIRECTION('center_axis',(-1.,0.,0.));
#2014=DIRECTION('ref_axis',(0.,0.,-1.));
#2015=DIRECTION('',(0.,-1.,0.));
#2016=DIRECTION('',(0.,0.,1.));
#2017=DIRECTION('',(0.,0.,1.));
#2018=DIRECTION('',(0.,0.,1.));
#2019=DIRECTION('',(0.,-1.,0.));
#2020=DIRECTION('center_axis',(0.,0.,1.));
#2021=DIRECTION('ref_axis',(-1.,0.,0.));
#2022=DIRECTION('',(1.,0.,0.));
#2023=DIRECTION('center_axis',(-0.999999999999404,0.,1.09139766003185E-6));
#2024=DIRECTION('ref_axis',(-1.09139766003185E-6,0.,-0.999999999999404));
#2025=DIRECTION('',(0.,-1.,0.));
#2026=DIRECTION('',(1.09139766003185E-6,0.,0.999999999999404));
#2027=DIRECTION('center_axis',(-0.499334471408824,0.,0.866409306080487));
#2028=DIRECTION('ref_axis',(-0.866409306080487,0.,-0.499334471408824));
#2029=DIRECTION('',(0.,-1.,0.));
#2030=DIRECTION('',(0.866409306080487,0.,0.499334471408824));
#2031=DIRECTION('center_axis',(-1.,0.,0.));
#2032=DIRECTION('ref_axis',(0.,-1.,-9.65411311375256E-17));
#2033=DIRECTION('',(0.,-1.,-9.65411311375256E-17));
#2034=DIRECTION('center_axis',(1.,0.,0.));
#2035=DIRECTION('ref_axis',(0.,1.,0.));
#2036=DIRECTION('',(0.,1.,0.));
#2037=DIRECTION('center_axis',(0.,0.,1.));
#2038=DIRECTION('ref_axis',(1.,0.,0.));
#2039=DIRECTION('center_axis',(0.,-1.,0.));
#2040=DIRECTION('ref_axis',(1.,0.,0.));
#2041=DIRECTION('',(1.,0.,0.));
#2042=DIRECTION('',(-1.,0.,0.));
#2043=DIRECTION('center_axis',(0.,-1.,0.));
#2044=DIRECTION('ref_axis',(1.,0.,0.));
#2045=DIRECTION('',(-1.,0.,0.));
#2046=DIRECTION('center_axis',(0.,0.,-1.));
#2047=DIRECTION('ref_axis',(1.,0.,0.));
#2048=DIRECTION('',(-1.,0.,0.));
#2049=DIRECTION('',(0.,1.,0.));
#2050=DIRECTION('',(0.,-1.,0.));
#2051=DIRECTION('center_axis',(0.,0.,1.));
#2052=DIRECTION('ref_axis',(-1.,0.,0.));
#2053=DIRECTION('',(0.,-1.,0.));
#2054=DIRECTION('',(-1.,0.,0.));
#2055=DIRECTION('center_axis',(0.,-1.,0.));
#2056=DIRECTION('ref_axis',(0.,0.,-1.));
#2057=DIRECTION('',(-1.,0.,0.));
#2058=DIRECTION('',(0.,0.,-1.));
#2059=DIRECTION('',(1.,0.,0.));
#2060=DIRECTION('center_axis',(0.,0.,1.));
#2061=DIRECTION('ref_axis',(-1.,0.,0.));
#2062=DIRECTION('',(1.,0.,0.));
#2063=DIRECTION('',(0.,-1.,0.));
#2064=DIRECTION('',(0.865725237715768,-0.500519542857196,0.));
#2065=DIRECTION('center_axis',(0.,0.,-1.));
#2066=DIRECTION('ref_axis',(1.,0.,0.));
#2067=DIRECTION('',(0.,-1.,0.));
#2068=DIRECTION('',(1.,0.,0.));
#2069=DIRECTION('center_axis',(0.,0.,-1.));
#2070=DIRECTION('ref_axis',(1.,0.,0.));
#2071=DIRECTION('',(-1.,0.,0.));
#2072=DIRECTION('',(0.,-1.,0.));
#2073=DIRECTION('',(0.,-1.,0.));
#2074=DIRECTION('center_axis',(1.,0.,0.));
#2075=DIRECTION('ref_axis',(0.,0.,1.));
#2076=DIRECTION('',(0.,0.,1.));
#2077=DIRECTION('center_axis',(0.,1.,0.));
#2078=DIRECTION('ref_axis',(-1.,0.,0.));
#2079=DIRECTION('',(0.,0.,1.));
#2080=DIRECTION('center_axis',(0.,-1.,0.));
#2081=DIRECTION('ref_axis',(0.,0.,-1.));
#2082=DIRECTION('',(-1.,0.,0.));
#2083=DIRECTION('',(0.858192793653201,0.,0.513327506492409));
#2084=DIRECTION('',(0.,0.,1.));
#2085=DIRECTION('center_axis',(-1.,0.,0.));
#2086=DIRECTION('ref_axis',(0.,0.,-1.));
#2087=DIRECTION('',(0.,-1.,0.));
#2088=DIRECTION('',(0.,0.,-1.));
#2089=DIRECTION('',(0.,-1.,0.));
#2090=DIRECTION('center_axis',(0.,1.,0.));
#2091=DIRECTION('ref_axis',(0.,0.,1.));
#2092=DIRECTION('',(0.,0.,-1.));
#2093=DIRECTION('',(1.,0.,0.));
#2094=DIRECTION('',(0.,0.,1.));
#2095=DIRECTION('',(-1.,0.,0.));
#2096=DIRECTION('center_axis',(-0.496410601424452,0.868087849698067,0.));
#2097=DIRECTION('ref_axis',(-0.868087849698067,-0.496410601424452,0.));
#2098=DIRECTION('',(-0.868087849698067,-0.496410601424452,0.));
#2099=DIRECTION('',(0.,0.,-1.));
#2100=DIRECTION('',(0.868087849698067,0.496410601424452,0.));
#2101=DIRECTION('center_axis',(-1.,0.,0.));
#2102=DIRECTION('ref_axis',(0.,0.,1.));
#2103=DIRECTION('',(0.,0.,1.));
#2104=DIRECTION('',(0.,-1.,0.));
#2105=DIRECTION('',(0.,1.,0.));
#2106=DIRECTION('center_axis',(0.,-1.,0.));
#2107=DIRECTION('ref_axis',(0.,0.,-1.));
#2108=DIRECTION('',(-1.,0.,0.));
#2109=DIRECTION('',(1.,0.,0.));
#2110=DIRECTION('center_axis',(0.500519542857196,0.865725237715768,0.));
#2111=DIRECTION('ref_axis',(-0.865725237715768,0.500519542857196,0.));
#2112=DIRECTION('',(-0.865725237715768,0.500519542857196,0.));
#2113=DIRECTION('',(0.,0.,1.));
#2114=DIRECTION('center_axis',(0.,0.,-1.));
#2115=DIRECTION('ref_axis',(1.,0.,0.));
#2116=DIRECTION('center_axis',(0.,0.,-1.));
#2117=DIRECTION('ref_axis',(1.,0.,0.));
#2118=DIRECTION('',(0.,0.,-1.));
#2119=DIRECTION('center_axis',(0.,0.,1.));
#2120=DIRECTION('ref_axis',(1.,0.,0.));
#2121=DIRECTION('center_axis',(0.,0.,-1.));
#2122=DIRECTION('ref_axis',(1.,0.,0.));
#2123=DIRECTION('',(0.,-1.,0.));
#2124=DIRECTION('',(1.,0.,0.));
#2125=DIRECTION('',(0.,-1.,0.));
#2126=DIRECTION('center_axis',(-1.,0.,0.));
#2127=DIRECTION('ref_axis',(0.,0.,-1.));
#2128=DIRECTION('center_axis',(0.,-1.,0.));
#2129=DIRECTION('ref_axis',(1.,0.,0.));
#2130=DIRECTION('',(0.858192793653201,0.,0.513327506492409));
#2131=DIRECTION('center_axis',(0.,0.,-1.));
#2132=DIRECTION('ref_axis',(1.,0.,0.));
#2133=DIRECTION('',(0.,-1.,0.));
#2134=DIRECTION('',(-1.,0.,0.));
#2135=DIRECTION('center_axis',(-0.506402159775087,0.,-0.862297426979304));
#2136=DIRECTION('ref_axis',(0.862297426979304,0.,-0.506402159775087));
#2137=DIRECTION('',(0.862297426979304,0.,-0.506402159775087));
#2138=DIRECTION('',(0.,-1.,0.));
#2139=DIRECTION('center_axis',(-1.,0.,0.));
#2140=DIRECTION('ref_axis',(0.,0.,-1.));
#2141=DIRECTION('',(0.,0.,-1.));
#2142=DIRECTION('',(0.,-1.,0.));
#2143=DIRECTION('center_axis',(0.,0.,1.));
#2144=DIRECTION('ref_axis',(-1.,0.,0.));
#2145=DIRECTION('',(-1.,0.,0.));
#2146=DIRECTION('',(0.,-1.,0.));
#2147=DIRECTION('center_axis',(-0.499467567752801,0.,0.866332585536929));
#2148=DIRECTION('ref_axis',(-0.866332585536929,0.,-0.499467567752801));
#2149=DIRECTION('',(-0.866332585536929,0.,-0.499467567752801));
#2150=DIRECTION('',(0.,-1.,0.));
#2151=DIRECTION('center_axis',(-1.,0.,0.));
#2152=DIRECTION('ref_axis',(0.,0.,-1.));
#2153=DIRECTION('',(0.,0.,-1.));
#2154=DIRECTION('',(0.,-1.,0.));
#2155=DIRECTION('center_axis',(-0.502327399095517,0.,-0.864677502955832));
#2156=DIRECTION('ref_axis',(0.864677502955832,0.,-0.502327399095517));
#2157=DIRECTION('',(0.864677502955832,0.,-0.502327399095517));
#2158=DIRECTION('center_axis',(0.504398072693191,0.,-0.863471241132787));
#2159=DIRECTION('ref_axis',(0.863471241132787,0.,0.504398072693191));
#2160=DIRECTION('',(0.863471241132787,0.,0.504398072693191));
#2161=DIRECTION('',(0.,-1.,0.));
#2162=DIRECTION('center_axis',(1.,0.,0.));
#2163=DIRECTION('ref_axis',(0.,0.,1.));
#2164=DIRECTION('',(0.,0.,1.));
#2165=DIRECTION('',(0.,-1.,0.));
#2166=DIRECTION('center_axis',(0.502439741164446,0.,0.864612228978173));
#2167=DIRECTION('ref_axis',(-0.864612228978173,0.,0.502439741164446));
#2168=DIRECTION('',(-0.864612228978173,0.,0.502439741164446));
#2169=DIRECTION('',(0.,-1.,0.));
#2170=DIRECTION('center_axis',(0.,0.,1.));
#2171=DIRECTION('ref_axis',(-1.,0.,0.));
#2172=DIRECTION('',(-1.,0.,0.));
#2173=DIRECTION('',(0.,-1.,0.));
#2174=DIRECTION('center_axis',(1.,0.,0.));
#2175=DIRECTION('ref_axis',(0.,0.,1.));
#2176=DIRECTION('',(0.,0.,1.));
#2177=DIRECTION('',(0.,-1.,0.));
#2178=DIRECTION('center_axis',(0.513327506492409,0.,-0.858192793653201));
#2179=DIRECTION('ref_axis',(0.858192793653201,0.,0.513327506492409));
#2180=DIRECTION('',(0.858192793653201,0.,0.513327506492409));
#2181=DIRECTION('center_axis',(1.,0.,0.));
#2182=DIRECTION('ref_axis',(0.,0.,1.));
#2183=DIRECTION('',(0.,0.,1.));
#2184=DIRECTION('',(0.,-1.,0.));
#2185=DIRECTION('center_axis',(0.,0.,1.));
#2186=DIRECTION('ref_axis',(-1.,0.,0.));
#2187=DIRECTION('',(-1.,0.,0.));
#2188=DIRECTION('',(0.,-1.,0.));
#2189=DIRECTION('center_axis',(-1.,0.,0.));
#2190=DIRECTION('ref_axis',(0.,0.,-1.));
#2191=DIRECTION('',(0.,0.,1.));
#2192=DIRECTION('center_axis',(1.,0.,0.));
#2193=DIRECTION('ref_axis',(0.,0.,-1.));
#2194=DIRECTION('',(0.,0.,1.));
#2195=DIRECTION('',(0.,1.,0.));
#2196=DIRECTION('center_axis',(0.,0.,1.));
#2197=DIRECTION('ref_axis',(1.,0.,0.));
#2198=DIRECTION('',(-1.,0.,0.));
#2199=DIRECTION('',(0.,-1.,0.));
#2200=DIRECTION('center_axis',(-0.999969843280645,0.,0.0077661141687876));
#2201=DIRECTION('ref_axis',(0.0077661141687876,0.,0.999969843280645));
#2202=DIRECTION('',(-0.0077661141687876,0.,-0.999969843280645));
#2203=DIRECTION('center_axis',(0.500117112923006,0.,0.865957778047843));
#2204=DIRECTION('ref_axis',(-0.865957778047843,0.,0.500117112923006));
#2205=DIRECTION('',(0.,-1.,0.));
#2206=DIRECTION('',(-0.865957778047843,0.,0.500117112923006));
#2207=DIRECTION('center_axis',(1.,0.,0.));
#2208=DIRECTION('ref_axis',(0.,0.,1.));
#2209=DIRECTION('',(0.,-1.,0.));
#2210=DIRECTION('',(0.,0.,1.));
#2211=DIRECTION('center_axis',(0.518812133201486,0.,0.854888279509623));
#2212=DIRECTION('ref_axis',(-0.854888279509623,0.,0.518812133201486));
#2213=DIRECTION('',(0.,-1.,0.));
#2214=DIRECTION('',(0.,-1.,0.));
#2215=DIRECTION('',(-0.854888279509623,0.,0.518812133201486));
#2216=DIRECTION('center_axis',(0.,0.,-1.));
#2217=DIRECTION('ref_axis',(1.,0.,0.));
#2218=DIRECTION('center_axis',(0.,1.,0.));
#2219=DIRECTION('ref_axis',(0.,0.,1.));
#2220=CARTESIAN_POINT('',(0.,0.,0.));
#2221=CARTESIAN_POINT('Origin',(-0.0120607849204335,-16.0422978609689,42.7325076717947));
#2222=CARTESIAN_POINT('',(-8.08042066333969,-17.0000002533197,42.9825076717947));
#2223=CARTESIAN_POINT('',(-8.58372521650463,-17.0000002533197,42.4825076717947));
#2224=CARTESIAN_POINT('Ctrl Pts',(-8.08042066333969,-17.0000002533197,42.9825076717947));
#2225=CARTESIAN_POINT('Ctrl Pts',(-8.32456093160518,-17.0000002533197,42.7400693277725));
#2226=CARTESIAN_POINT('Ctrl Pts',(-8.58372521650463,-17.0000002533197,42.4825076717947));
#2227=CARTESIAN_POINT('',(8.55960364666376,-17.0000002533197,42.4825076717947));
#2228=CARTESIAN_POINT('Origin',(-0.0120607849204335,-16.0422978609689,42.4825076717947));
#2229=CARTESIAN_POINT('',(8.05629909349882,-17.0000002533197,42.9825076717947));
#2230=CARTESIAN_POINT('Ctrl Pts',(8.55960364666376,-17.0000002533197,42.4825076717947));
#2231=CARTESIAN_POINT('Ctrl Pts',(8.3004393618251,-17.0000002533197,42.7400693277122));
#2232=CARTESIAN_POINT('Ctrl Pts',(8.05629909349882,-17.0000002533197,42.9825076717947));
#2233=CARTESIAN_POINT('Origin',(-0.0120607849204335,-16.0422978609689,42.9825076717947));
#2234=CARTESIAN_POINT('Origin',(-15.0000002235174,-9.,42.4825076717947));
#2235=CARTESIAN_POINT('',(-15.0000002235174,-17.0000002533197,42.4825076717947));
#2236=CARTESIAN_POINT('',(-7.49881637785594,-17.0000002533197,42.4825076717947));
#2237=CARTESIAN_POINT('',(-15.0000002235174,-5.,42.4825076717947));
#2238=CARTESIAN_POINT('',(-15.0000002235174,-9.,42.4825076717947));
#2239=CARTESIAN_POINT('',(14.3501551769518,-5.,42.4825076717947));
#2240=CARTESIAN_POINT('',(-7.49881637785594,-5.,42.4825076717947));
#2241=CARTESIAN_POINT('',(14.3501551769518,-17.0000002533197,42.4825076717947));
#2242=CARTESIAN_POINT('',(14.3501551769518,-9.,42.4825076717947));
#2243=CARTESIAN_POINT('',(-7.49881637785594,-17.0000002533197,42.4825076717947));
#2244=CARTESIAN_POINT('Origin',(0.00236746780553299,-17.0000002533197,40.4706896217391));
#2245=CARTESIAN_POINT('',(-8.08042066333978,-17.0000002533197,48.3000025648624));
#2246=CARTESIAN_POINT('',(-8.08042066333969,-17.0000002533197,49.2500025648624));
#2247=CARTESIAN_POINT('',(-6.4916677272963,-17.0000002533197,48.3000025648624));
#2248=CARTESIAN_POINT('',(-0.00484665855745026,-17.0000002533197,48.3000025648624));
#2249=CARTESIAN_POINT('',(-5.98577873337478,-17.0000002533197,48.8000025648624));
#2250=CARTESIAN_POINT('Ctrl Pts',(-5.98577873337478,-17.0000002533197,48.8000025648624));
#2251=CARTESIAN_POINT('Ctrl Pts',(-6.22868575029741,-17.0000002533197,48.5601582662184));
#2252=CARTESIAN_POINT('Ctrl Pts',(-6.4916677272963,-17.0000002533197,48.3000025648624));
#2253=CARTESIAN_POINT('',(-5.98577873337478,-17.0000002533197,53.5000025648624));
#2254=CARTESIAN_POINT('',(-5.98577873337478,-17.0000002533197,49.3000025648624));
#2255=CARTESIAN_POINT('',(-6.4916677272963,-17.0000002533197,54.0000025648624));
#2256=CARTESIAN_POINT('Ctrl Pts',(-6.49166772729631,-17.0000002533197,54.0000025648624));
#2257=CARTESIAN_POINT('Ctrl Pts',(-6.22868575029742,-17.0000002533197,53.7398468635064));
#2258=CARTESIAN_POINT('Ctrl Pts',(-5.98577873337478,-17.0000002533197,53.5000025648624));
#2259=CARTESIAN_POINT('',(-10.2283907675559,-17.0000002533197,54.0000025648624));
#2260=CARTESIAN_POINT('',(5.11618397685223,-17.0000002533197,54.0000025648624));
#2261=CARTESIAN_POINT('',(-14.9999996647239,-17.0000002533197,51.2499988544732));
#2262=CARTESIAN_POINT('',(-9.31503428635349,-17.0000002533197,54.5263939280995));
#2263=CARTESIAN_POINT('',(-15.0000007124618,-17.0000002533197,50.2900023886468));
#2264=CARTESIAN_POINT('',(-15.0000055469714,-17.0000002533197,45.8603524248868));
#2265=CARTESIAN_POINT('',(-16.3374786438028,-17.0000002533197,49.5189000120044));
#2266=CARTESIAN_POINT('',(-11.4945786463367,-17.0000002533197,52.3109996873564));
#2267=CARTESIAN_POINT('',(-16.3720412617113,-17.0000002533197,49.5189000120044));
#2268=CARTESIAN_POINT('',(-7.49881637785594,-17.0000002533197,49.5189000120044));
#2269=CARTESIAN_POINT('',(-16.3720412617113,-17.0000002533197,44.5000006631017));
#2270=CARTESIAN_POINT('',(-16.3720412617113,-17.0000002533197,44.9947948168718));
#2271=CARTESIAN_POINT('',(-15.0000002235174,-17.0000002533197,44.5000006631017));
#2272=CARTESIAN_POINT('',(-8.17386001433885,-17.0000002533197,44.5000006631017));
#2273=CARTESIAN_POINT('',(-15.0000002235174,-17.0000002533197,45.4825076717947));
#2274=CARTESIAN_POINT('Origin',(-0.0120607849204335,-16.0422978609689,48.5500025648624));
#2275=CARTESIAN_POINT('',(6.46754615745544,-17.0000002533197,48.3000025648624));
#2276=CARTESIAN_POINT('Origin',(-0.0120607849204335,-16.0422978609689,48.3000025648624));
#2277=CARTESIAN_POINT('',(5.96165716353612,-17.0000002533194,48.8000025648624));
#2278=CARTESIAN_POINT('Ctrl Pts',(6.46754615745544,-17.0000002533197,48.3000025648624));
#2279=CARTESIAN_POINT('Ctrl Pts',(6.20456418045824,-17.0000002533194,48.5601582662189));
#2280=CARTESIAN_POINT('Ctrl Pts',(5.96165716353612,-17.0000002533194,48.8000025648624));
#2281=CARTESIAN_POINT('Origin',(-0.0120607849204335,-16.0422978609689,48.8000025648624));
#2282=CARTESIAN_POINT('Origin',(-0.0120607849204335,-16.0422978609689,49.3000025648624));
#2283=CARTESIAN_POINT('',(5.96165716353612,-17.0000002533194,53.5000025648624));
#2284=CARTESIAN_POINT('',(5.96165716353612,-17.0000002533194,49.3000025648624));
#2285=CARTESIAN_POINT('Origin',(-0.0120607849204335,-16.0422978609689,53.5000025648624));
#2286=CARTESIAN_POINT('Origin',(-0.0120607849204335,-16.0422978609689,53.7500025648624));
#2287=CARTESIAN_POINT('',(6.46754615745544,-17.0000002533197,54.0000025648624));
#2288=CARTESIAN_POINT('Ctrl Pts',(5.96165716353612,-17.0000002533194,53.5000025648624));
#2289=CARTESIAN_POINT('Ctrl Pts',(6.20456418045786,-17.0000002533194,53.7398468635055));
#2290=CARTESIAN_POINT('Ctrl Pts',(6.46754615745544,-17.0000002533197,54.0000025648624));
#2291=CARTESIAN_POINT('Origin',(-0.0120607849204335,-16.0422978609689,54.0000025648624));
#2292=CARTESIAN_POINT('Origin',(-0.0120607849204335,-22.042297860969,48.3000025648624));
#2293=CARTESIAN_POINT('',(8.05629909349891,-17.0000002533197,48.3000025648624));
#2294=CARTESIAN_POINT('Origin',(-0.0120607849204335,-16.0422978609689,48.3000025648624));
#2295=CARTESIAN_POINT('',(-0.00484665855745026,-17.0000002533197,48.3000025648624));
#2296=CARTESIAN_POINT('Origin',(-0.0120607849204335,-16.0422978609689,49.2500025648624));
#2297=CARTESIAN_POINT('',(8.05629909349882,-17.0000002533197,49.2500025648624));
#2298=CARTESIAN_POINT('Origin',(-15.0000007124618,-21.,50.2900023886468));
#2299=CARTESIAN_POINT('',(-16.3500874964832,-5.18743048964156,49.5116305714844));
#2300=CARTESIAN_POINT('',(-16.3500874964832,-10.,49.5116305714844));
#2301=CARTESIAN_POINT('',(-16.3500874964832,0.,49.5116305714844));
#2302=CARTESIAN_POINT('',(-16.3374786438028,-10.,49.5189000120044));
#2303=CARTESIAN_POINT('',(-15.9671978928479,-10.,49.7323796967121));
#2304=CARTESIAN_POINT('',(-16.3374786438028,-15.5,49.5189000120044));
#2305=CARTESIAN_POINT('',(-15.0000007124618,0.,50.2900023886468));
#2306=CARTESIAN_POINT('',(-15.0000007124618,-21.,50.2900023886468));
#2307=CARTESIAN_POINT('',(-16.3500874964832,0.,49.5116305714844));
#2308=CARTESIAN_POINT('',(-16.3500874964832,0.,49.5116305714844));
#2309=CARTESIAN_POINT('',(-16.3500874964832,-4.64578846079724,49.5116305714844));
#2310=CARTESIAN_POINT('',(-16.3500874964832,0.,49.5116305714844));
#2311=CARTESIAN_POINT('',(-16.3500874964832,-10.5,49.5116305714844));
#2312=CARTESIAN_POINT('Origin',(-16.3500874964832,0.,49.5116305714844));
#2313=CARTESIAN_POINT('',(-16.3500874964832,0.,44.5000006631017));
#2314=CARTESIAN_POINT('',(-16.3500874964832,-10.,44.5000006631017));
#2315=CARTESIAN_POINT('',(-16.3500874964832,0.,44.5000006631017));
#2316=CARTESIAN_POINT('',(-16.3500874964832,-10.,44.5028687157686));
#2317=CARTESIAN_POINT('',(-16.3500874964832,-10.,48.2605404545187));
#2318=CARTESIAN_POINT('',(-16.3500874964832,-5.18743048964156,44.5028687157686));
#2319=CARTESIAN_POINT('',(-16.3500874964832,0.,44.5028687157686));
#2320=CARTESIAN_POINT('',(-16.3500874964832,-5.18743048964156,45.0116305714844));
#2321=CARTESIAN_POINT('',(-16.3500874964832,-4.64578846079724,44.5028687157686));
#2322=CARTESIAN_POINT('',(-16.3500874964832,-4.64578846079724,45.0116305714844));
#2323=CARTESIAN_POINT('',(-16.3500874964832,0.,44.5028687157686));
#2324=CARTESIAN_POINT('',(-16.3500874964832,0.,44.5028687157686));
#2325=CARTESIAN_POINT('',(-16.3500874964832,0.,44.5000006631017));
#2326=CARTESIAN_POINT('Origin',(-18.68443022585,-4.9166094752194,45.0116305714844));
#2327=CARTESIAN_POINT('Origin',(-18.68443022585,-4.9166094752194,44.5028687157686));
#2328=CARTESIAN_POINT('Origin',(-18.68443022585,-4.9166094752194,49.5116305714844));
#2329=CARTESIAN_POINT('Origin',(-12.0116509546054,7.42494629382695E-31,
19.5179691196243));
#2330=CARTESIAN_POINT('',(-16.3500007765833,-5.,22.0250010461314));
#2331=CARTESIAN_POINT('',(-12.0116509546054,-5.,19.5179691196243));
#2332=CARTESIAN_POINT('',(-11.0761958401293,-5.,18.9773912653615));
#2333=CARTESIAN_POINT('',(-16.3500007765833,0.,22.0250010461314));
#2334=CARTESIAN_POINT('',(-16.3500007765833,0.,22.0250010461314));
#2335=CARTESIAN_POINT('',(-12.0116509546054,7.42494629382695E-31,19.5179691196243));
#2336=CARTESIAN_POINT('',(-15.1967922849496,4.44089209850063E-15,21.3585885563412));
#2337=CARTESIAN_POINT('',(-12.0116509546054,7.42494629382695E-31,19.5179691196243));
#2338=CARTESIAN_POINT('Origin',(-8.57272829727302,7.42494629382695E-31,
21.5034320415574));
#2339=CARTESIAN_POINT('',(-9.45170211978764,-5.,20.995956268518));
#2340=CARTESIAN_POINT('',(-2.22081024590305,-5.,25.1707136383863));
#2341=CARTESIAN_POINT('',(-8.57272829727302,7.42494629382695E-31,21.5034320415574));
#2342=CARTESIAN_POINT('',(1.89613485253161,4.44089209850063E-15,27.5476329992065));
#2343=CARTESIAN_POINT('',(-8.57272829727302,-9.60737160788681,21.5034320415574));
#2344=CARTESIAN_POINT('',(-8.57272829727302,7.42494629382695E-31,21.5034320415574));
#2345=CARTESIAN_POINT('',(-9.45170211978764,-10.872804937476,20.995956268518));
#2346=CARTESIAN_POINT('Origin',(0.,-16.5000002458692,26.4528990316775));
#2347=CARTESIAN_POINT('',(-9.45170211978763,-8.25000012293458,20.995956268518));
#2348=CARTESIAN_POINT('Origin',(8.42727170272698,7.42494629382695E-31,21.5034320415574));
#2349=CARTESIAN_POINT('',(8.42727170272698,-9.43026958279457,21.5034320415574));
#2350=CARTESIAN_POINT('Origin',(0.,-16.5000002458692,21.5034320415574));
#2351=CARTESIAN_POINT('',(8.42727170272698,7.42494629382695E-31,21.5034320415574));
#2352=CARTESIAN_POINT('',(4.21363585136349,4.44089209850063E-15,21.5034320415574));
#2353=CARTESIAN_POINT('',(8.42727170272698,7.42494629382695E-31,21.5034320415574));
#2354=CARTESIAN_POINT('Origin',(11.8933021951486,7.42494629382695E-31,19.511600041742));
#2355=CARTESIAN_POINT('',(9.31034141125812,-10.6418825613384,20.995956268518));
#2356=CARTESIAN_POINT('Origin',(0.,-16.5000002458692,26.3463523463071));
#2357=CARTESIAN_POINT('',(11.8933021951486,7.42494629382695E-31,19.511600041742));
#2358=CARTESIAN_POINT('',(-0.244457666232817,4.44089209850063E-15,26.4868354157052));
#2359=CARTESIAN_POINT('',(11.8933021951486,-5.,19.511600041742));
#2360=CARTESIAN_POINT('',(11.8933021951486,7.42494629382695E-31,19.511600041742));
#2361=CARTESIAN_POINT('',(9.31034141125812,-5.,20.995956268518));
#2362=CARTESIAN_POINT('',(3.86467100565564,-5.,24.125432653115));
#2363=CARTESIAN_POINT('',(9.31034141125812,-8.25000012293458,20.995956268518));
#2364=CARTESIAN_POINT('Origin',(16.2033379202142,7.42494629382695E-31,22.0000003278255));
#2365=CARTESIAN_POINT('',(16.2033379202142,-5.,22.0000003278255));
#2366=CARTESIAN_POINT('',(13.156720952371,-5.,20.2410352013236));
#2367=CARTESIAN_POINT('',(16.2033379202142,0.,22.0000003278255));
#2368=CARTESIAN_POINT('',(17.2736660508057,4.44089209850063E-15,22.6179545621437));
#2369=CARTESIAN_POINT('',(16.2033379202142,0.,22.0000003278255));
#2370=CARTESIAN_POINT('Origin',(0.,-16.5000002458692,19.245956268518));
#2371=CARTESIAN_POINT('',(10.9886304875789,-17.0000002533197,20.995956268518));
#2372=CARTESIAN_POINT('Origin',(0.,-16.5000002458692,20.995956268518));
#2373=CARTESIAN_POINT('',(10.9886304875789,-17.0000002533197,23.995956268518));
#2374=CARTESIAN_POINT('',(10.9886304875789,-17.0000002533197,19.245956268518));
#2375=CARTESIAN_POINT('',(-10.9886304875789,-17.0000002533197,23.995956268518));
#2376=CARTESIAN_POINT('Origin',(0.,-16.5000002458692,23.995956268518));
#2377=CARTESIAN_POINT('',(-10.9886304875789,-17.0000002533197,20.995956268518));
#2378=CARTESIAN_POINT('',(-10.9886304875789,-17.0000002533197,19.245956268518));
#2379=CARTESIAN_POINT('Origin',(0.,-16.5000002458692,20.995956268518));
#2380=CARTESIAN_POINT('Origin',(0.00236746780553521,-5.,35.9891832713038));
#2381=CARTESIAN_POINT('',(-12.0000001788139,-5.00000007450581,20.995956268518));
#2382=CARTESIAN_POINT('',(0.00118373390276691,-5.,20.995956268518));
#2383=CARTESIAN_POINT('',(-12.0000001788139,-5.00000007450581,23.995956268518));
#2384=CARTESIAN_POINT('',(-12.0000001788139,-5.,28.4925697699109));
#2385=CARTESIAN_POINT('',(12.0000001788139,-5.00000007450581,23.995956268518));
#2386=CARTESIAN_POINT('',(0.0011837339027676,-5.,23.995956268518));
#2387=CARTESIAN_POINT('',(12.0000001788139,-5.00000007450581,20.995956268518));
#2388=CARTESIAN_POINT('',(12.0000001788139,-5.,28.4925697699109));
#2389=CARTESIAN_POINT('',(0.00118373390276691,-5.,20.995956268518));
#2390=CARTESIAN_POINT('',(22.3344980605941,-5.,25.5815270896477));
#2391=CARTESIAN_POINT('',(16.2033379202142,-5.,22.0000003278255));
#2392=CARTESIAN_POINT('',(22.3344980605941,-5.,30.4811557705022));
#2393=CARTESIAN_POINT('',(22.3344980605941,-5.,25.5815270896477));
#2394=CARTESIAN_POINT('',(18.0000002682209,-5.,33.0000004917383));
#2395=CARTESIAN_POINT('',(22.3344980605941,-5.,30.4811557705022));
#2396=CARTESIAN_POINT('',(15.0000002235174,-5.,33.0000004917383));
#2397=CARTESIAN_POINT('',(18.0000002682209,-5.,33.0000004917383));
#2398=CARTESIAN_POINT('',(15.0000002235174,-5.,43.7062435099504));
#2399=CARTESIAN_POINT('',(15.0000002235174,-5.,33.0000004917383));
#2400=CARTESIAN_POINT('',(16.3094264687334,-5.,44.4894760357458));
#2401=CARTESIAN_POINT('',(15.0000002235174,-5.,43.7062435099504));
#2402=CARTESIAN_POINT('',(15.0000002235174,-5.,44.4894760357458));
#2403=CARTESIAN_POINT('',(7.50118384566148,-5.,44.4894760357458));
#2404=CARTESIAN_POINT('',(15.0000002235174,-5.,49.5000007376075));
#2405=CARTESIAN_POINT('',(15.0000002235174,-5.,42.7445920044556));
#2406=CARTESIAN_POINT('',(14.3511136335798,-5.,49.5000007376075));
#2407=CARTESIAN_POINT('',(7.17674055069265,-5.,49.5000007376075));
#2408=CARTESIAN_POINT('',(14.3511136335798,-5.,44.5000006631017));
#2409=CARTESIAN_POINT('',(14.3511136335798,-5.,40.2445919672027));
#2410=CARTESIAN_POINT('',(14.3501551769518,-5.,44.5000006631017));
#2411=CARTESIAN_POINT('',(0.877372533140648,-5.,44.5000006631017));
#2412=CARTESIAN_POINT('',(14.3501551769518,-5.,40.7358454715492));
#2413=CARTESIAN_POINT('',(-15.0000007124618,-5.,33.0228568832101));
#2414=CARTESIAN_POINT('',(-15.0000007124618,-5.,43.7100020761136));
#2415=CARTESIAN_POINT('',(-18.0000002682209,-5.,33.0228568832101));
#2416=CARTESIAN_POINT('',(-15.0000007124618,-5.,33.0228568832101));
#2417=CARTESIAN_POINT('',(-22.3316631959055,-5.,30.5255190444461));
#2418=CARTESIAN_POINT('',(-18.0000002682209,-5.,33.0228568832101));
#2419=CARTESIAN_POINT('',(-22.3316631959055,-5.,25.4999994300306));
#2420=CARTESIAN_POINT('',(-22.3316631959055,-5.,30.5255190444461));
#2421=CARTESIAN_POINT('',(-22.3316631959055,-5.,25.4999994300306));
#2422=CARTESIAN_POINT('',(9.00000013411045,-5.,29.5450667857881));
#2423=CARTESIAN_POINT('',(9.08293965856631,-5.,40.2244131705244));
#2424=CARTESIAN_POINT('',(9.02475091668263,-5.,32.7319934304213));
#2425=CARTESIAN_POINT('',(-9.00635380613143,-5.,29.5450667857881));
#2426=CARTESIAN_POINT('',(-4.50199316916295,-5.,29.5450667857881));
#2427=CARTESIAN_POINT('',(-9.00635380613143,-5.,40.2244131705244));
#2428=CARTESIAN_POINT('',(-9.00635380613143,-5.,38.1067982209141));
#2429=CARTESIAN_POINT('',(9.08293965856631,-5.,40.2244131705244));
#2430=CARTESIAN_POINT('',(18.0000002682209,-5.,25.6500004172325));
#2431=CARTESIAN_POINT('Origin',(18.0000002682209,-5.,28.0000004172325));
#2432=CARTESIAN_POINT('',(-18.0000002682209,-5.,25.6500004172325));
#2433=CARTESIAN_POINT('Origin',(-18.0000002682209,-5.,28.0000004172325));
#2434=CARTESIAN_POINT('Origin',(-1.02716262170061E-31,-16.5000002458692,
20.995956268518));
#2435=CARTESIAN_POINT('',(12.0000001788139,-17.0000002533197,20.995956268518));
#2436=CARTESIAN_POINT('',(12.0000001788139,-28.0000004172325,20.995956268518));
#2437=CARTESIAN_POINT('',(0.00118373390276559,-17.0000002533197,20.995956268518));
#2438=CARTESIAN_POINT('Origin',(-1.02716262170061E-31,-16.5000002458692,
20.995956268518));
#2439=CARTESIAN_POINT('',(-12.0000001788139,-17.0000002533197,20.995956268518));
#2440=CARTESIAN_POINT('',(0.00118373390276559,-17.0000002533197,20.995956268518));
#2441=CARTESIAN_POINT('',(-12.0000001788139,-5.00000007450581,20.995956268518));
#2442=CARTESIAN_POINT('Origin',(0.00236746780553299,-17.0000002533197,40.4706896217391));
#2443=CARTESIAN_POINT('',(14.3501551769518,-17.0000002533197,44.4894760357458));
#2444=CARTESIAN_POINT('',(14.3501551769518,-17.0000002533197,45.4825076717947));
#2445=CARTESIAN_POINT('',(16.3273049145634,-17.0000002533197,44.4894760357458));
#2446=CARTESIAN_POINT('',(7.50118384566148,-17.0000002533197,44.4894760357458));
#2447=CARTESIAN_POINT('',(16.3273049145634,-17.0000002533197,49.5000007376075));
#2448=CARTESIAN_POINT('',(16.3273049145634,-17.0000002533197,42.4800828287425));
#2449=CARTESIAN_POINT('',(16.3312264505857,-17.0000002533197,49.5000007376075));
#2450=CARTESIAN_POINT('',(7.17626132237867,-17.0000002533197,49.5000007376075));
#2451=CARTESIAN_POINT('',(15.0080639958827,-17.0000002533197,50.3029977515452));
#2452=CARTESIAN_POINT('',(12.3667530097533,-17.0000002533197,51.9059489441248));
#2453=CARTESIAN_POINT('',(15.0080639958827,-17.0000002533197,51.2405246912843));
#2454=CARTESIAN_POINT('',(15.0080639958827,-17.0000002533197,45.3868436866422));
#2455=CARTESIAN_POINT('',(10.2300004858989,-17.0000002533197,54.0000025648624));
#2456=CARTESIAN_POINT('',(11.7139083035266,-17.0000002533197,53.1430003963862));
#2457=CARTESIAN_POINT('',(5.11618397685223,-17.0000002533197,54.0000025648624));
#2458=CARTESIAN_POINT('Origin',(-18.0000002682209,-2.5,28.0000004172325));
#2459=CARTESIAN_POINT('',(-18.0000002682209,4.44089209850063E-15,25.6500004172325));
#2460=CARTESIAN_POINT('Origin',(-18.0000002682209,4.44089209850063E-15,
28.0000004172325));
#2461=CARTESIAN_POINT('',(-18.0000002682209,-2.5,25.6500004172325));
#2462=CARTESIAN_POINT('Origin',(18.0000002682209,-2.5,28.0000004172325));
#2463=CARTESIAN_POINT('',(18.0000002682209,4.44089209850063E-15,25.6500004172325));
#2464=CARTESIAN_POINT('Origin',(18.0000002682209,4.44089209850063E-15,28.0000004172325));
#2465=CARTESIAN_POINT('',(18.0000002682209,-2.5,25.6500004172325));
#2466=CARTESIAN_POINT('Origin',(9.08293965856631,-5.,40.2244131705244));
#2467=CARTESIAN_POINT('',(9.08293965856631,0.,40.2244131705244));
#2468=CARTESIAN_POINT('',(9.08293965856631,0.,40.2244131705244));
#2469=CARTESIAN_POINT('',(-9.00635380613143,0.,40.2244131705244));
#2470=CARTESIAN_POINT('',(-9.00635380613143,0.,40.2244131705244));
#2471=CARTESIAN_POINT('',(9.08293965856631,0.,40.2244131705244));
#2472=CARTESIAN_POINT('Origin',(14.3501551769518,-5.,45.4825076717947));
#2473=CARTESIAN_POINT('',(14.350155368249,-7.53293122108451,44.4894760357458));
#2474=CARTESIAN_POINT('',(14.3501551769518,-10.,44.4894760357458));
#2475=CARTESIAN_POINT('',(14.3501551769518,-5.00206336005022,44.5000006631017));
#2476=CARTESIAN_POINT('',(14.3501551769518,-7.,44.5000006631017));
#2477=CARTESIAN_POINT('',(14.3501551769518,-5.00206336005022,44.4894760357458));
#2478=CARTESIAN_POINT('',(14.3501551769518,-5.00206336005022,0.));
#2479=CARTESIAN_POINT('',(14.3501553658378,-7.5010316800251,44.4894760357458));
#2480=CARTESIAN_POINT('Origin',(0.00236746780553521,-5.,35.9891832713038));
#2481=CARTESIAN_POINT('',(-15.0000007124618,-5.,43.7100020761136));
#2482=CARTESIAN_POINT('',(-15.0000002235174,-5.,44.5000006631017));
#2483=CARTESIAN_POINT('',(-15.0000002235174,-5.,40.7358454715492));
#2484=CARTESIAN_POINT('',(-16.345203800023,-5.,44.5000006631017));
#2485=CARTESIAN_POINT('',(-7.49881637785594,-5.,44.5000006631017));
#2486=CARTESIAN_POINT('',(-16.3500874964832,-5.,44.5028687157686));
#2487=CARTESIAN_POINT('Origin',(0.00236746780553299,-17.0000002533197,40.4706896217391));
#2488=CARTESIAN_POINT('',(-12.0000001788139,-17.0000002533197,23.995956268518));
#2489=CARTESIAN_POINT('',(-12.0000001788139,-17.0000002533197,30.7333229451285));
#2490=CARTESIAN_POINT('',(0.00118373390276649,-17.0000002533197,23.995956268518));
#2491=CARTESIAN_POINT('Origin',(0.00236746780553299,-17.0000002533197,40.4706896217391));
#2492=CARTESIAN_POINT('',(12.0000001788139,-17.0000002533197,23.995956268518));
#2493=CARTESIAN_POINT('',(12.0000001788139,-17.0000002533197,30.7333229451285));
#2494=CARTESIAN_POINT('',(0.00118373390276649,-17.0000002533197,23.995956268518));
#2495=CARTESIAN_POINT('Origin',(16.3273049145634,-5.,44.4894760357458));
#2496=CARTESIAN_POINT('',(16.3273049145634,-5.,44.4894760357458));
#2497=CARTESIAN_POINT('',(16.3273049145634,-5.,44.4894760357458));
#2498=CARTESIAN_POINT('',(16.3273049145634,-5.,44.5001700174312));
#2499=CARTESIAN_POINT('',(16.3273049145634,-5.,49.5000007376075));
#2500=CARTESIAN_POINT('',(16.3273049145634,-5.,49.5000007376075));
#2501=CARTESIAN_POINT('',(16.3273049145634,-5.,40.2393296535248));
#2502=CARTESIAN_POINT('',(16.3273049145634,-5.,49.5000007376075));
#2503=CARTESIAN_POINT('Origin',(15.0000002235174,-5.,44.4894760357458));
#2504=CARTESIAN_POINT('',(15.0000002235174,-5.00206336005022,44.4894760357458));
#2505=CARTESIAN_POINT('',(14.6750777002346,-5.00206336005022,44.4894760357458));
#2506=CARTESIAN_POINT('',(15.0000002235174,-5.,44.4894760357458));
#2507=CARTESIAN_POINT('',(16.3273049145634,-5.,44.4894760357458));
#2508=CARTESIAN_POINT('Origin',(-16.3720412617113,-10.,49.5189000120044));
#2509=CARTESIAN_POINT('',(-16.3720412617113,-10.,49.5189000120044));
#2510=CARTESIAN_POINT('',(-16.3720412617113,-10.,49.5189000120044));
#2511=CARTESIAN_POINT('',(-16.3720412617113,-10.,49.5116305714844));
#2512=CARTESIAN_POINT('',(-16.3720412617113,-10.,44.5000006631017));
#2513=CARTESIAN_POINT('',(-16.3720412617113,-10.,44.5028687157686));
#2514=CARTESIAN_POINT('',(-16.3720412617113,-10.,48.2630748278155));
#2515=CARTESIAN_POINT('',(-16.3720412617113,-10.,44.5000006631017));
#2516=CARTESIAN_POINT('',(-16.3720412617113,-10.,44.5000006631017));
#2517=CARTESIAN_POINT('',(-16.3720412617113,-10.,44.5000006631017));
#2518=CARTESIAN_POINT('Origin',(-15.0000002235174,-10.,49.5189000120044));
#2519=CARTESIAN_POINT('',(-16.3720412617113,-10.,49.5189000120044));
#2520=CARTESIAN_POINT('Origin',(-14.9999996647239,-21.,51.2499988544732));
#2521=CARTESIAN_POINT('',(-14.9999996647239,0.,51.2499988544732));
#2522=CARTESIAN_POINT('',(-14.9999996647239,-21.,51.2499988544732));
#2523=CARTESIAN_POINT('',(-15.0000007124618,0.,50.2900023886468));
#2524=CARTESIAN_POINT('Origin',(-10.2283907675559,-21.,54.0000025648624));
#2525=CARTESIAN_POINT('',(-10.2283907675559,0.,54.0000025648624));
#2526=CARTESIAN_POINT('',(-10.2283907675559,-21.,54.0000025648624));
#2527=CARTESIAN_POINT('',(-14.9999996647239,0.,51.2499988544732));
#2528=CARTESIAN_POINT('Origin',(-12.0000001788139,-5.00000007450581,20.995956268518));
#2529=CARTESIAN_POINT('',(-12.0000001788139,-5.00000007450581,23.995956268518));
#2530=CARTESIAN_POINT('Origin',(12.0000001788139,-28.0000004172325,20.995956268518));
#2531=CARTESIAN_POINT('',(12.0000001788139,-28.0000004172325,23.995956268518));
#2532=CARTESIAN_POINT('Origin',(0.,-16.5000002458692,23.995956268518));
#2533=CARTESIAN_POINT('Origin',(-15.6860207426144,-10.,47.009450337553));
#2534=CARTESIAN_POINT('',(-16.3500874964832,-10.,44.5028687157686));
#2535=CARTESIAN_POINT('',(-15.0000002235174,-10.,44.5000006631017));
#2536=CARTESIAN_POINT('Origin',(-15.6860207426144,-10.,47.009450337553));
#2537=CARTESIAN_POINT('',(-16.3500874964832,-10.,49.5116305714844));
#2538=CARTESIAN_POINT('Origin',(-16.3500874964832,0.,44.5000006631017));
#2539=CARTESIAN_POINT('',(-16.345203800023,0.,44.5000006631017));
#2540=CARTESIAN_POINT('',(-15.0000002235174,0.,44.5000006631017));
#2541=CARTESIAN_POINT('',(-16.345203800023,0.,44.5000006631017));
#2542=CARTESIAN_POINT('',(-15.0000002235174,0.,44.5000006631017));
#2543=CARTESIAN_POINT('Origin',(10.2300004858989,-21.,54.0000025648624));
#2544=CARTESIAN_POINT('',(10.2300004858989,0.,54.0000025648624));
#2545=CARTESIAN_POINT('',(10.2300004858989,-21.,54.0000025648624));
#2546=CARTESIAN_POINT('',(10.2300004858989,0.,54.0000025648624));
#2547=CARTESIAN_POINT('Origin',(-19.6982895057289,-10.,47.0072496436265));
#2548=CARTESIAN_POINT('',(-18.7776583464729,-10.,49.5116305714844));
#2549=CARTESIAN_POINT('',(-16.3500874964832,-10.,49.5116305714844));
#2550=CARTESIAN_POINT('',(-18.7776583464729,-10.,44.5028687157686));
#2551=CARTESIAN_POINT('',(-18.7776583464729,-10.,23.5036248218133));
#2552=CARTESIAN_POINT('',(-16.3500874964832,-10.,44.5028687157686));
#2553=CARTESIAN_POINT('Origin',(-16.3500874964832,0.,49.5116305714844));
#2554=CARTESIAN_POINT('',(-23.0464915149746,0.,49.5116305714844));
#2555=CARTESIAN_POINT('',(-23.0464915149746,0.,49.5116305714844));
#2556=CARTESIAN_POINT('',(-23.0464915149746,-7.53197165457523,49.5116305714844));
#2557=CARTESIAN_POINT('',(-23.0464915149746,0.,49.5116305714844));
#2558=CARTESIAN_POINT('',(-19.9954375579904,-9.29594025021381,49.5116305714844));
#2559=CARTESIAN_POINT('Origin',(1.75237759847576,-5.,44.5000006631017));
#2560=CARTESIAN_POINT('',(14.3511136335798,-5.00206336005022,44.5000006631017));
#2561=CARTESIAN_POINT('',(14.3511136335798,-5.,44.5000006631017));
#2562=CARTESIAN_POINT('',(8.37618891099659,-5.00206336005022,44.5000006631017));
#2563=CARTESIAN_POINT('Origin',(14.3511136335798,-5.,49.5000007376075));
#2564=CARTESIAN_POINT('',(15.0000002235174,-5.00206336005022,49.5));
#2565=CARTESIAN_POINT('',(14.3511136335798,-5.00206336005022,49.5000007376075));
#2566=CARTESIAN_POINT('',(14.3501551769518,-5.00206336005022,49.5));
#2567=CARTESIAN_POINT('',(14.3511136335798,-5.,49.5000007376075));
#2568=CARTESIAN_POINT('',(15.0000002235174,-5.,49.5000007376075));
#2569=CARTESIAN_POINT('Origin',(14.3511136335798,-5.,44.5000006631017));
#2570=CARTESIAN_POINT('',(14.3511136335798,-5.00206336005022,22.2500003315508));
#2571=CARTESIAN_POINT('Origin',(15.0000002235174,-5.00206336005022,0.));
#2572=CARTESIAN_POINT('',(15.0000002235174,-5.00206336005022,24.7500003688037));
#2573=CARTESIAN_POINT('Origin',(0.00236746780553521,-5.,35.9891832713038));
#2574=CARTESIAN_POINT('',(16.3312264505857,-5.,49.5000007376075));
#2575=CARTESIAN_POINT('',(7.17674055069265,-5.,49.5000007376075));
#2576=CARTESIAN_POINT('',(16.3312264505857,-5.,44.5025156818587));
#2577=CARTESIAN_POINT('',(15.0000002235174,-5.,43.7062435099504));
#2578=CARTESIAN_POINT('',(16.3312264505857,-5.,42.7445920044556));
#2579=CARTESIAN_POINT('Origin',(16.3312264505857,0.,49.5000007376075));
#2580=CARTESIAN_POINT('',(16.3312264505857,-10.,44.5025156818587));
#2581=CARTESIAN_POINT('',(16.3312264505857,0.,44.5025156818587));
#2582=CARTESIAN_POINT('',(16.3312264505857,-10.,49.5000007376075));
#2583=CARTESIAN_POINT('',(16.3312264505857,-10.,49.5000007376075));
#2584=CARTESIAN_POINT('',(16.3312264505857,0.,49.5000007376075));
#2585=CARTESIAN_POINT('Origin',(20.876889405487,-9.98,47.0012582097331));
#2586=CARTESIAN_POINT('',(18.7617990748575,-9.98,49.5000007376075));
#2587=CARTESIAN_POINT('',(18.7617990748575,-9.98,44.5025156818587));
#2588=CARTESIAN_POINT('',(18.7617990748575,-9.98,23.5006291048665));
#2589=CARTESIAN_POINT('',(18.7025523603884,-9.98,49.5000007376075));
#2590=CARTESIAN_POINT('',(21.9640579280364,-9.98,49.5000007376075));
#2591=CARTESIAN_POINT('',(18.7025523603884,-9.98,44.5025156818587));
#2592=CARTESIAN_POINT('',(18.7025523603884,-9.98,44.5025156818587));
#2593=CARTESIAN_POINT('',(18.6040579280364,-9.98,44.5025156818587));
#2594=CARTESIAN_POINT('Origin',(23.0754000152876,-7.51329431129721,0.));
#2595=CARTESIAN_POINT('',(23.0512264505857,-7.5271178129122,44.5025156818587));
#2596=CARTESIAN_POINT('',(22.1531190991708,-8.04069487842997,44.5025156818587));
#2597=CARTESIAN_POINT('',(23.0512264505857,-7.5271178129122,49.5000007376075));
#2598=CARTESIAN_POINT('',(23.0512264505857,-7.52711781291221,22.2512578409293));
#2599=CARTESIAN_POINT('',(24.6851361888767,-6.5927767595955,49.5000007376075));
#2600=CARTESIAN_POINT('Origin',(18.7025523603884,-10.,44.5025156818587));
#2601=CARTESIAN_POINT('',(18.7025523603884,-10.,44.5025156818587));
#2602=CARTESIAN_POINT('',(18.7025523603884,-10.,49.5000007376075));
#2603=CARTESIAN_POINT('',(18.7025523603884,-10.,45.7518869457959));
#2604=CARTESIAN_POINT('',(18.7025523603884,-5.,44.5025156818587));
#2605=CARTESIAN_POINT('',(18.7025523603884,-5.,49.5000007376075));
#2606=CARTESIAN_POINT('Origin',(19.6912264505857,-10.,47.0012582097331));
#2607=CARTESIAN_POINT('',(23.0512264505857,-10.,49.5000007376075));
#2608=CARTESIAN_POINT('',(16.3312264505857,-10.,44.5025156818587));
#2609=CARTESIAN_POINT('Origin',(-18.6995090224289,-10.0451820765308,0.));
#2610=CARTESIAN_POINT('',(-23.0464915149746,-7.53197165457523,44.5028687157686));
#2611=CARTESIAN_POINT('',(-22.5048486267237,-7.84512280116133,44.5028687157686));
#2612=CARTESIAN_POINT('',(-23.0464915149746,-7.53197165457523,24.7558152857422));
#2613=CARTESIAN_POINT('Origin',(18.7045847854275,-5.02583604462802,45.0000007376075));
#2614=CARTESIAN_POINT('',(16.3545847854275,-5.02583604462802,49.5000007376075));
#2615=CARTESIAN_POINT('Origin',(18.7045847854275,-5.02583604462802,49.5000007376075));
#2616=CARTESIAN_POINT('',(16.3545847854275,-5.02583604462802,44.5025156818587));
#2617=CARTESIAN_POINT('',(16.3545847854275,-5.02583604462802,45.0000007376075));
#2618=CARTESIAN_POINT('Origin',(18.7045847854275,-5.02583604462802,44.5025156818587));
#2619=CARTESIAN_POINT('Origin',(16.3312264505857,0.,44.5025156818587));
#2620=CARTESIAN_POINT('',(16.3312264505857,0.,44.5025156818587));
#2621=CARTESIAN_POINT('',(16.3312264505857,0.,44.5025156818587));
#2622=CARTESIAN_POINT('',(23.0512264505857,0.,44.5025156818587));
#2623=CARTESIAN_POINT('',(16.3312264505857,0.,44.5025156818587));
#2624=CARTESIAN_POINT('',(23.0512264505857,0.,44.5025156818587));
#2625=CARTESIAN_POINT('Origin',(15.0000002235174,-5.,49.5000007376075));
#2626=CARTESIAN_POINT('Origin',(15.6636525690404,-5.,46.9947383866767));
#2627=CARTESIAN_POINT('',(15.0000002235174,-5.,43.7062435099504));
#2628=CARTESIAN_POINT('Origin',(-23.0464915149746,0.,44.5028687157686));
#2629=CARTESIAN_POINT('',(-23.0464915149746,0.,44.5028687157686));
#2630=CARTESIAN_POINT('',(-23.0464915149746,0.,44.5028687157686));
#2631=CARTESIAN_POINT('',(-16.3500874964832,0.,44.5028687157686));
#2632=CARTESIAN_POINT('Origin',(-16.3500874964832,0.,44.5028687157686));
#2633=CARTESIAN_POINT('',(-15.0000007124618,0.,43.7100020761136));
#2634=CARTESIAN_POINT('',(-16.3500874964832,0.,44.5028687157686));
#2635=CARTESIAN_POINT('',(-15.0000007124618,0.,43.7100020761136));
#2636=CARTESIAN_POINT('Origin',(-15.0000007124618,0.,43.7100020761136));
#2637=CARTESIAN_POINT('',(-15.0000007124618,0.,33.0228568832101));
#2638=CARTESIAN_POINT('',(-15.0000007124618,0.,43.7100020761136));
#2639=CARTESIAN_POINT('',(-15.0000007124618,0.,33.0228568832101));
#2640=CARTESIAN_POINT('Origin',(-15.0000007124618,0.,33.0228568832101));
#2641=CARTESIAN_POINT('',(-18.0000002682209,0.,33.0228568832101));
#2642=CARTESIAN_POINT('',(-15.0000007124618,0.,33.0228568832101));
#2643=CARTESIAN_POINT('',(-18.0000002682209,0.,33.0228568832101));
#2644=CARTESIAN_POINT('Origin',(-18.0000002682209,0.,33.0228568832101));
#2645=CARTESIAN_POINT('',(-22.3316631959055,0.,30.5255190444461));
#2646=CARTESIAN_POINT('',(-18.0000002682209,0.,33.0228568832101));
#2647=CARTESIAN_POINT('',(-22.3316631959055,0.,30.5255190444461));
#2648=CARTESIAN_POINT('Origin',(-22.3316631959055,0.,30.5255190444461));
#2649=CARTESIAN_POINT('',(-22.3316631959055,0.,25.4999994300306));
#2650=CARTESIAN_POINT('',(-22.3316631959055,0.,30.5255190444461));
#2651=CARTESIAN_POINT('',(-22.3316631959055,0.,25.4999994300306));
#2652=CARTESIAN_POINT('Origin',(-22.3316631959055,0.,25.4999994300306));
#2653=CARTESIAN_POINT('',(-22.3316631959055,0.,25.4999994300306));
#2654=CARTESIAN_POINT('Origin',(16.2033379202142,0.,22.0000003278255));
#2655=CARTESIAN_POINT('',(22.3344980605941,0.,25.5815270896477));
#2656=CARTESIAN_POINT('',(16.2033379202142,0.,22.0000003278255));
#2657=CARTESIAN_POINT('',(22.3344980605941,0.,25.5815270896477));
#2658=CARTESIAN_POINT('Origin',(22.3344980605941,0.,25.5815270896477));
#2659=CARTESIAN_POINT('',(22.3344980605941,0.,30.4811557705022));
#2660=CARTESIAN_POINT('',(22.3344980605941,0.,25.5815270896477));
#2661=CARTESIAN_POINT('',(22.3344980605941,0.,30.4811557705022));
#2662=CARTESIAN_POINT('Origin',(22.3344980605941,0.,30.4811557705022));
#2663=CARTESIAN_POINT('',(18.0000002682209,0.,33.0000004917383));
#2664=CARTESIAN_POINT('',(22.3344980605941,0.,30.4811557705022));
#2665=CARTESIAN_POINT('',(18.0000002682209,0.,33.0000004917383));
#2666=CARTESIAN_POINT('Origin',(18.0000002682209,0.,33.0000004917383));
#2667=CARTESIAN_POINT('',(15.0000002235174,0.,33.0000004917383));
#2668=CARTESIAN_POINT('',(18.0000002682209,0.,33.0000004917383));
#2669=CARTESIAN_POINT('',(15.0000002235174,0.,33.0000004917383));
#2670=CARTESIAN_POINT('Origin',(15.0000002235174,0.,33.0000004917383));
#2671=CARTESIAN_POINT('',(15.0000002235174,0.,43.7062435099504));
#2672=CARTESIAN_POINT('',(15.0000002235174,0.,33.0000004917383));
#2673=CARTESIAN_POINT('',(15.0000002235174,0.,43.7062435099504));
#2674=CARTESIAN_POINT('Origin',(15.0000002235174,0.,43.7062435099504));
#2675=CARTESIAN_POINT('',(15.0000002235174,0.,43.7062435099504));
#2676=CARTESIAN_POINT('Origin',(23.0512264505857,0.,44.5025156818587));
#2677=CARTESIAN_POINT('',(23.0512264505857,0.,49.5000007376075));
#2678=CARTESIAN_POINT('',(23.0512264505857,0.,44.5025156818587));
#2679=CARTESIAN_POINT('',(23.0512264505857,0.,49.5000007376075));
#2680=CARTESIAN_POINT('Origin',(23.0512264505857,0.,49.5000007376075));
#2681=CARTESIAN_POINT('',(16.3312264505857,0.,49.5000007376075));
#2682=CARTESIAN_POINT('',(23.0512264505857,0.,49.5000007376075));
#2683=CARTESIAN_POINT('',(16.3312264505857,0.,49.5000007376075));
#2684=CARTESIAN_POINT('Origin',(-23.0464915149746,0.,49.5116305714844));
#2685=CARTESIAN_POINT('',(-23.0464915149746,0.,44.5028687157686));
#2686=CARTESIAN_POINT('Origin',(-9.00635380613143,0.,40.2244131705244));
#2687=CARTESIAN_POINT('',(-9.00635380613143,0.,29.5450667857881));
#2688=CARTESIAN_POINT('',(-9.00635380613143,0.,38.1067982209141));
#2689=CARTESIAN_POINT('',(-9.00635380613143,0.,29.5450667857881));
#2690=CARTESIAN_POINT('Origin',(-9.00635380613143,0.,29.5450667857881));
#2691=CARTESIAN_POINT('',(9.00000013411045,0.,29.5450667857881));
#2692=CARTESIAN_POINT('',(-4.50199316916295,0.,29.5450667857881));
#2693=CARTESIAN_POINT('',(9.00000013411045,0.,29.5450667857881));
#2694=CARTESIAN_POINT('Origin',(9.00000013411045,0.,29.5450667857881));
#2695=CARTESIAN_POINT('',(9.02475091668263,0.,32.7319934304213));
#2696=CARTESIAN_POINT('Origin',(15.0080639958827,-21.,51.2405246912843));
#2697=CARTESIAN_POINT('',(15.0080639958827,0.,51.2405246912843));
#2698=CARTESIAN_POINT('',(15.0080639958827,-21.,51.2405246912843));
#2699=CARTESIAN_POINT('',(15.0080639958827,0.,51.2405246912843));
#2700=CARTESIAN_POINT('Origin',(15.0080639958827,-21.,50.3029977515452));
#2701=CARTESIAN_POINT('',(15.0080639958827,0.,50.3029977515452));
#2702=CARTESIAN_POINT('',(15.0080639958827,-21.,50.3029977515452));
#2703=CARTESIAN_POINT('',(15.0080639958827,0.,50.3029977515452));
#2704=CARTESIAN_POINT('Origin',(16.3312264505857,-21.,49.5000007376075));
#2705=CARTESIAN_POINT('',(16.3312264505857,-21.,49.5000007376075));
#2706=CARTESIAN_POINT('',(16.3312264505857,0.,49.5000007376075));
#2707=CARTESIAN_POINT('',(16.3312264505857,0.,49.5000007376075));
#2708=CARTESIAN_POINT('Origin',(14.3501551769518,-21.,49.5000007376075));
#2709=CARTESIAN_POINT('Origin',(0.,4.44089209850063E-15,55.0086387323896));
#2710=UNCERTAINTY_MEASURE_WITH_UNIT(LENGTH_MEASURE(0.01),#2714,
'DISTANCE_ACCURACY_VALUE',
'Maximum model space distance between geometric entities at asserted c
onnectivities');
#2711=UNCERTAINTY_MEASURE_WITH_UNIT(LENGTH_MEASURE(0.01),#2714,
'DISTANCE_ACCURACY_VALUE',
'Maximum model space distance between geometric entities at asserted c
onnectivities');
#2712=(
GEOMETRIC_REPRESENTATION_CONTEXT(3)
GLOBAL_UNCERTAINTY_ASSIGNED_CONTEXT((#2710))
GLOBAL_UNIT_ASSIGNED_CONTEXT((#2714,#2716,#2717))
REPRESENTATION_CONTEXT('','3D')
);
#2713=(
GEOMETRIC_REPRESENTATION_CONTEXT(3)
GLOBAL_UNCERTAINTY_ASSIGNED_CONTEXT((#2711))
GLOBAL_UNIT_ASSIGNED_CONTEXT((#2714,#2716,#2717))
REPRESENTATION_CONTEXT('','3D')
);
#2714=(
LENGTH_UNIT()
NAMED_UNIT(*)
SI_UNIT(.MILLI.,.METRE.)
);
#2715=(
LENGTH_UNIT()
NAMED_UNIT(*)
SI_UNIT($,.METRE.)
);
#2716=(
NAMED_UNIT(*)
PLANE_ANGLE_UNIT()
SI_UNIT($,.RADIAN.)
);
#2717=(
NAMED_UNIT(*)
SI_UNIT($,.STERADIAN.)
SOLID_ANGLE_UNIT()
);
#2718=SHAPE_DEFINITION_REPRESENTATION(#2719,#2720);
#2719=PRODUCT_DEFINITION_SHAPE('',$,#2722);
#2720=SHAPE_REPRESENTATION('',(#1696),#2712);
#2721=PRODUCT_DEFINITION_CONTEXT('part definition',#2726,'design');
#2722=PRODUCT_DEFINITION('back','back',#2723,#2721);
#2723=PRODUCT_DEFINITION_FORMATION('',$,#2728);
#2724=PRODUCT_RELATED_PRODUCT_CATEGORY('back','back',(#2728));
#2725=APPLICATION_PROTOCOL_DEFINITION('international standard',
'ap242_managed_model_based_3d_engineering',2011,#2726);
#2726=APPLICATION_CONTEXT('Managed model based 3d engineering');
#2727=PRODUCT_CONTEXT('part definition',#2726,'mechanical');
#2728=PRODUCT('back','back',$,(#2727));
#2729=PRESENTATION_STYLE_ASSIGNMENT((#2730));
#2730=SURFACE_STYLE_USAGE(.BOTH.,#2731);
#2731=SURFACE_SIDE_STYLE('',(#2732));
#2732=SURFACE_STYLE_FILL_AREA(#2733);
#2733=FILL_AREA_STYLE('Steel - Satin',(#2734));
#2734=FILL_AREA_STYLE_COLOUR('Steel - Satin',#2735);
#2735=COLOUR_RGB('Steel - Satin',0.627450980392157,0.627450980392157,0.627450980392157);
ENDSEC;
END-ISO-10303-21;
