ISO-10303-21;
HEADER;
/* Generated by software containing ST-Developer
 * from STEP Tools, Inc. (www.steptools.com) 
 */

FILE_DESCRIPTION(
/* description */ ('',
'CAx-IF Rec.Pracs.---Representation and Presentation of Product Manufa
cturing Information (PMI)---4.0---2014-10-13'),
/* implementation_level */ '2;1');

FILE_NAME(
/* name */ 'front.step',
/* time_stamp */ '2025-01-16T23:01:20+08:00',
/* author */ (''),
/* organization */ (''),
/* preprocessor_version */ 'ST-DEVELOPER v20',
/* originating_system */ 'Autodesk Translation Framework v13.20.0.188',

/* authorisation */ '');

FILE_SCHEMA (('AP242_MANAGED_MODEL_BASED_3D_ENGINEERING_MIM_LF { 1 0 10303 442 1 1 4 }'));
ENDSEC;

DATA;
#10=MECHANICAL_DESIGN_GEOMETRIC_PRESENTATION_REPRESENTATION('',(#13),#2732);
#11=SHAPE_REPRESENTATION_RELATIONSHIP('SRR','None',#2739,#12);
#12=ADVANCED_BREP_SHAPE_REPRESENTATION('',(#14),#2731);
#13=STYLED_ITEM('',(#2748),#14);
#14=MANIFOLD_SOLID_BREP('Body1',#1646);
#15=B_SPLINE_CURVE_WITH_KNOTS('',1,(#2467,#2468),.UNSPECIFIED.,.F.,.F.,
(2,2),(0.000420862280801952,0.687112228907183),.UNSPECIFIED.);
#16=(
BOUNDED_SURFACE()
B_SPLINE_SURFACE(1,2,((#2447,#2448,#2449,#2450,#2451,#2452,#2453,#2454,
#2455),(#2456,#2457,#2458,#2459,#2460,#2461,#2462,#2463,#2464)),
 .UNSPECIFIED.,.F.,.T.,.F.)
B_SPLINE_SURFACE_WITH_KNOTS((2,2),(3,2,2,2,3),(-0.0300118088088661,0.705128996985064),
(-3.14159265358979,-1.5707963267949,0.,1.5707963267949,3.14159265358979),
 .UNSPECIFIED.)
GEOMETRIC_REPRESENTATION_ITEM()
RATIONAL_B_SPLINE_SURFACE(((1.,0.707106781186548,1.,0.707106781186548,1.,
0.707106781186548,1.,0.707106781186548,1.),(1.,0.707106781186548,1.,0.707106781186548,
1.,0.707106781186548,1.,0.707106781186548,1.)))
REPRESENTATION_ITEM('')
SURFACE()
);
#17=FACE_BOUND('',#585,.T.);
#18=FACE_BOUND('',#586,.T.);
#19=FACE_BOUND('',#587,.T.);
#20=FACE_BOUND('',#594,.T.);
#21=FACE_BOUND('',#596,.T.);
#22=FACE_BOUND('',#601,.T.);
#23=FACE_BOUND('',#604,.T.);
#24=FACE_BOUND('',#606,.T.);
#25=FACE_BOUND('',#607,.T.);
#26=FACE_BOUND('',#610,.T.);
#27=FACE_BOUND('',#611,.T.);
#28=FACE_BOUND('',#612,.T.);
#29=FACE_BOUND('',#613,.T.);
#30=FACE_BOUND('',#614,.T.);
#31=FACE_BOUND('',#615,.T.);
#32=FACE_BOUND('',#616,.T.);
#33=FACE_BOUND('',#617,.T.);
#34=FACE_BOUND('',#618,.T.);
#35=FACE_BOUND('',#619,.T.);
#36=FACE_BOUND('',#620,.T.);
#37=ELLIPSE('',#1685,12.7017059221912,11.);
#38=ELLIPSE('',#1689,12.7017059221718,11.);
#39=CYLINDRICAL_SURFACE('',#1668,6.05);
#40=CYLINDRICAL_SURFACE('',#1674,8.135);
#41=CYLINDRICAL_SURFACE('',#1675,2.35);
#42=CYLINDRICAL_SURFACE('',#1679,2.35);
#43=CYLINDRICAL_SURFACE('',#1690,11.);
#44=CYLINDRICAL_SURFACE('',#1701,1.5);
#45=CYLINDRICAL_SURFACE('',#1703,1.5);
#46=CYLINDRICAL_SURFACE('',#1710,2.35);
#47=CYLINDRICAL_SURFACE('',#1717,1.5);
#48=CYLINDRICAL_SURFACE('',#1724,1.5);
#49=CYLINDRICAL_SURFACE('',#1754,3.);
#50=CYLINDRICAL_SURFACE('',#1755,3.);
#51=CYLINDRICAL_SURFACE('',#1756,2.35);
#52=CYLINDRICAL_SURFACE('',#1758,2.35);
#53=CYLINDRICAL_SURFACE('',#1762,2.35);
#54=CYLINDRICAL_SURFACE('',#1778,3.);
#55=CYLINDRICAL_SURFACE('',#1779,3.);
#56=LINE('',#2248,#233);
#57=LINE('',#2250,#234);
#58=LINE('',#2252,#235);
#59=LINE('',#2254,#236);
#60=LINE('',#2255,#237);
#61=LINE('',#2258,#238);
#62=LINE('',#2260,#239);
#63=LINE('',#2266,#240);
#64=LINE('',#2272,#241);
#65=LINE('',#2274,#242);
#66=LINE('',#2276,#243);
#67=LINE('',#2278,#244);
#68=LINE('',#2280,#245);
#69=LINE('',#2282,#246);
#70=LINE('',#2284,#247);
#71=LINE('',#2285,#248);
#72=LINE('',#2296,#249);
#73=LINE('',#2307,#250);
#74=LINE('',#2309,#251);
#75=LINE('',#2314,#252);
#76=LINE('',#2321,#253);
#77=LINE('',#2327,#254);
#78=LINE('',#2329,#255);
#79=LINE('',#2331,#256);
#80=LINE('',#2332,#257);
#81=LINE('',#2335,#258);
#82=LINE('',#2337,#259);
#83=LINE('',#2339,#260);
#84=LINE('',#2342,#261);
#85=LINE('',#2347,#262);
#86=LINE('',#2348,#263);
#87=LINE('',#2353,#264);
#88=LINE('',#2355,#265);
#89=LINE('',#2357,#266);
#90=LINE('',#2358,#267);
#91=LINE('',#2363,#268);
#92=LINE('',#2367,#269);
#93=LINE('',#2371,#270);
#94=LINE('',#2373,#271);
#95=LINE('',#2375,#272);
#96=LINE('',#2377,#273);
#97=LINE('',#2378,#274);
#98=LINE('',#2380,#275);
#99=LINE('',#2382,#276);
#100=LINE('',#2384,#277);
#101=LINE('',#2386,#278);
#102=LINE('',#2387,#279);
#103=LINE('',#2389,#280);
#104=LINE('',#2391,#281);
#105=LINE('',#2393,#282);
#106=LINE('',#2395,#283);
#107=LINE('',#2397,#284);
#108=LINE('',#2399,#285);
#109=LINE('',#2401,#286);
#110=LINE('',#2402,#287);
#111=LINE('',#2411,#288);
#112=LINE('',#2412,#289);
#113=LINE('',#2415,#290);
#114=LINE('',#2416,#291);
#115=LINE('',#2419,#292);
#116=LINE('',#2421,#293);
#117=LINE('',#2423,#294);
#118=LINE('',#2425,#295);
#119=LINE('',#2427,#296);
#120=LINE('',#2429,#297);
#121=LINE('',#2431,#298);
#122=LINE('',#2432,#299);
#123=LINE('',#2436,#300);
#124=LINE('',#2440,#301);
#125=LINE('',#2473,#302);
#126=LINE('',#2483,#303);
#127=LINE('',#2493,#304);
#128=LINE('',#2495,#305);
#129=LINE('',#2497,#306);
#130=LINE('',#2499,#307);
#131=LINE('',#2501,#308);
#132=LINE('',#2503,#309);
#133=LINE('',#2505,#310);
#134=LINE('',#2507,#311);
#135=LINE('',#2509,#312);
#136=LINE('',#2511,#313);
#137=LINE('',#2513,#314);
#138=LINE('',#2515,#315);
#139=LINE('',#2517,#316);
#140=LINE('',#2519,#317);
#141=LINE('',#2521,#318);
#142=LINE('',#2523,#319);
#143=LINE('',#2525,#320);
#144=LINE('',#2527,#321);
#145=LINE('',#2528,#322);
#146=LINE('',#2532,#323);
#147=LINE('',#2535,#324);
#148=LINE('',#2537,#325);
#149=LINE('',#2539,#326);
#150=LINE('',#2541,#327);
#151=LINE('',#2543,#328);
#152=LINE('',#2545,#329);
#153=LINE('',#2547,#330);
#154=LINE('',#2549,#331);
#155=LINE('',#2551,#332);
#156=LINE('',#2553,#333);
#157=LINE('',#2555,#334);
#158=LINE('',#2557,#335);
#159=LINE('',#2559,#336);
#160=LINE('',#2561,#337);
#161=LINE('',#2563,#338);
#162=LINE('',#2565,#339);
#163=LINE('',#2567,#340);
#164=LINE('',#2569,#341);
#165=LINE('',#2571,#342);
#166=LINE('',#2573,#343);
#167=LINE('',#2575,#344);
#168=LINE('',#2577,#345);
#169=LINE('',#2578,#346);
#170=LINE('',#2594,#347);
#171=LINE('',#2595,#348);
#172=LINE('',#2597,#349);
#173=LINE('',#2599,#350);
#174=LINE('',#2601,#351);
#175=LINE('',#2603,#352);
#176=LINE('',#2604,#353);
#177=LINE('',#2606,#354);
#178=LINE('',#2608,#355);
#179=LINE('',#2610,#356);
#180=LINE('',#2613,#357);
#181=LINE('',#2614,#358);
#182=LINE('',#2616,#359);
#183=LINE('',#2617,#360);
#184=LINE('',#2619,#361);
#185=LINE('',#2621,#362);
#186=LINE('',#2623,#363);
#187=LINE('',#2625,#364);
#188=LINE('',#2628,#365);
#189=LINE('',#2630,#366);
#190=LINE('',#2632,#367);
#191=LINE('',#2634,#368);
#192=LINE('',#2637,#369);
#193=LINE('',#2639,#370);
#194=LINE('',#2640,#371);
#195=LINE('',#2643,#372);
#196=LINE('',#2644,#373);
#197=LINE('',#2646,#374);
#198=LINE('',#2648,#375);
#199=LINE('',#2651,#376);
#200=LINE('',#2655,#377);
#201=LINE('',#2661,#378);
#202=LINE('',#2663,#379);
#203=LINE('',#2664,#380);
#204=LINE('',#2666,#381);
#205=LINE('',#2668,#382);
#206=LINE('',#2671,#383);
#207=LINE('',#2673,#384);
#208=LINE('',#2674,#385);
#209=LINE('',#2679,#386);
#210=LINE('',#2680,#387);
#211=LINE('',#2681,#388);
#212=LINE('',#2685,#389);
#213=LINE('',#2686,#390);
#214=LINE('',#2688,#391);
#215=LINE('',#2690,#392);
#216=LINE('',#2693,#393);
#217=LINE('',#2694,#394);
#218=LINE('',#2697,#395);
#219=LINE('',#2698,#396);
#220=LINE('',#2700,#397);
#221=LINE('',#2702,#398);
#222=LINE('',#2704,#399);
#223=LINE('',#2706,#400);
#224=LINE('',#2710,#401);
#225=LINE('',#2712,#402);
#226=LINE('',#2714,#403);
#227=LINE('',#2718,#404);
#228=LINE('',#2719,#405);
#229=LINE('',#2722,#406);
#230=LINE('',#2723,#407);
#231=LINE('',#2724,#408);
#232=LINE('',#2726,#409);
#233=VECTOR('',#1801,10.);
#234=VECTOR('',#1802,10.);
#235=VECTOR('',#1803,10.);
#236=VECTOR('',#1804,10.);
#237=VECTOR('',#1805,10.);
#238=VECTOR('',#1808,10.);
#239=VECTOR('',#1809,10.);
#240=VECTOR('',#1810,10.);
#241=VECTOR('',#1811,10.);
#242=VECTOR('',#1812,10.);
#243=VECTOR('',#1813,10.);
#244=VECTOR('',#1814,10.);
#245=VECTOR('',#1815,10.);
#246=VECTOR('',#1816,10.);
#247=VECTOR('',#1817,10.);
#248=VECTOR('',#1818,10.);
#249=VECTOR('',#1827,10.);
#250=VECTOR('',#1838,10.);
#251=VECTOR('',#1841,10.);
#252=VECTOR('',#1846,2.35);
#253=VECTOR('',#1855,2.35);
#254=VECTOR('',#1862,10.);
#255=VECTOR('',#1863,10.);
#256=VECTOR('',#1864,10.);
#257=VECTOR('',#1865,10.);
#258=VECTOR('',#1868,10.);
#259=VECTOR('',#1869,10.);
#260=VECTOR('',#1870,10.);
#261=VECTOR('',#1873,10.);
#262=VECTOR('',#1878,10.);
#263=VECTOR('',#1879,10.);
#264=VECTOR('',#1884,10.);
#265=VECTOR('',#1885,10.);
#266=VECTOR('',#1886,10.);
#267=VECTOR('',#1887,10.);
#268=VECTOR('',#1892,10.);
#269=VECTOR('',#1895,10.);
#270=VECTOR('',#1900,10.);
#271=VECTOR('',#1901,10.);
#272=VECTOR('',#1902,10.);
#273=VECTOR('',#1903,10.);
#274=VECTOR('',#1904,10.);
#275=VECTOR('',#1905,10.);
#276=VECTOR('',#1906,10.);
#277=VECTOR('',#1907,10.);
#278=VECTOR('',#1908,10.);
#279=VECTOR('',#1909,10.);
#280=VECTOR('',#1910,10.);
#281=VECTOR('',#1911,10.);
#282=VECTOR('',#1912,10.);
#283=VECTOR('',#1913,10.);
#284=VECTOR('',#1914,10.);
#285=VECTOR('',#1915,10.);
#286=VECTOR('',#1916,10.);
#287=VECTOR('',#1917,10.);
#288=VECTOR('',#1926,10.);
#289=VECTOR('',#1927,10.);
#290=VECTOR('',#1930,10.);
#291=VECTOR('',#1931,10.);
#292=VECTOR('',#1934,10.);
#293=VECTOR('',#1935,10.);
#294=VECTOR('',#1936,10.);
#295=VECTOR('',#1937,10.);
#296=VECTOR('',#1938,10.);
#297=VECTOR('',#1939,10.);
#298=VECTOR('',#1940,10.);
#299=VECTOR('',#1941,10.);
#300=VECTOR('',#1946,1.5);
#301=VECTOR('',#1951,1.5);
#302=VECTOR('',#1966,2.35);
#303=VECTOR('',#1979,1.5);
#304=VECTOR('',#1990,10.);
#305=VECTOR('',#1991,10.);
#306=VECTOR('',#1992,10.);
#307=VECTOR('',#1993,10.);
#308=VECTOR('',#1994,10.);
#309=VECTOR('',#1995,10.);
#310=VECTOR('',#1996,10.);
#311=VECTOR('',#1997,10.);
#312=VECTOR('',#1998,10.);
#313=VECTOR('',#1999,10.);
#314=VECTOR('',#2000,10.);
#315=VECTOR('',#2001,10.);
#316=VECTOR('',#2002,10.);
#317=VECTOR('',#2003,10.);
#318=VECTOR('',#2004,10.);
#319=VECTOR('',#2005,10.);
#320=VECTOR('',#2006,10.);
#321=VECTOR('',#2007,10.);
#322=VECTOR('',#2008,10.);
#323=VECTOR('',#2013,1.5);
#324=VECTOR('',#2016,10.);
#325=VECTOR('',#2017,10.);
#326=VECTOR('',#2018,10.);
#327=VECTOR('',#2019,10.);
#328=VECTOR('',#2020,10.);
#329=VECTOR('',#2021,10.);
#330=VECTOR('',#2022,10.);
#331=VECTOR('',#2023,10.);
#332=VECTOR('',#2024,10.);
#333=VECTOR('',#2025,10.);
#334=VECTOR('',#2026,10.);
#335=VECTOR('',#2027,10.);
#336=VECTOR('',#2028,10.);
#337=VECTOR('',#2029,10.);
#338=VECTOR('',#2030,10.);
#339=VECTOR('',#2031,10.);
#340=VECTOR('',#2032,10.);
#341=VECTOR('',#2033,10.);
#342=VECTOR('',#2034,10.);
#343=VECTOR('',#2035,10.);
#344=VECTOR('',#2036,10.);
#345=VECTOR('',#2037,10.);
#346=VECTOR('',#2038,10.);
#347=VECTOR('',#2055,10.);
#348=VECTOR('',#2056,10.);
#349=VECTOR('',#2059,10.);
#350=VECTOR('',#2062,10.);
#351=VECTOR('',#2065,10.);
#352=VECTOR('',#2068,10.);
#353=VECTOR('',#2069,10.);
#354=VECTOR('',#2072,10.);
#355=VECTOR('',#2075,10.);
#356=VECTOR('',#2078,10.);
#357=VECTOR('',#2081,10.);
#358=VECTOR('',#2082,10.);
#359=VECTOR('',#2085,10.);
#360=VECTOR('',#2086,10.);
#361=VECTOR('',#2089,10.);
#362=VECTOR('',#2092,10.);
#363=VECTOR('',#2095,10.);
#364=VECTOR('',#2098,10.);
#365=VECTOR('',#2103,10.);
#366=VECTOR('',#2106,10.);
#367=VECTOR('',#2109,10.);
#368=VECTOR('',#2112,10.);
#369=VECTOR('',#2115,10.);
#370=VECTOR('',#2116,10.);
#371=VECTOR('',#2117,10.);
#372=VECTOR('',#2120,10.);
#373=VECTOR('',#2121,10.);
#374=VECTOR('',#2124,3.);
#375=VECTOR('',#2127,3.);
#376=VECTOR('',#2130,2.);
#377=VECTOR('',#2135,2.);
#378=VECTOR('',#2144,2.);
#379=VECTOR('',#2147,10.);
#380=VECTOR('',#2148,10.);
#381=VECTOR('',#2151,10.);
#382=VECTOR('',#2154,10.);
#383=VECTOR('',#2157,10.);
#384=VECTOR('',#2158,10.);
#385=VECTOR('',#2159,10.);
#386=VECTOR('',#2166,10.);
#387=VECTOR('',#2167,10.);
#388=VECTOR('',#2168,10.);
#389=VECTOR('',#2173,10.);
#390=VECTOR('',#2174,10.);
#391=VECTOR('',#2177,10.);
#392=VECTOR('',#2180,10.);
#393=VECTOR('',#2183,10.);
#394=VECTOR('',#2184,10.);
#395=VECTOR('',#2187,10.);
#396=VECTOR('',#2188,10.);
#397=VECTOR('',#2191,10.);
#398=VECTOR('',#2194,10.);
#399=VECTOR('',#2197,3.);
#400=VECTOR('',#2200,3.);
#401=VECTOR('',#2207,10.);
#402=VECTOR('',#2210,10.);
#403=VECTOR('',#2213,10.);
#404=VECTOR('',#2218,10.);
#405=VECTOR('',#2219,10.);
#406=VECTOR('',#2222,10.);
#407=VECTOR('',#2223,10.);
#408=VECTOR('',#2224,10.);
#409=VECTOR('',#2227,10.);
#410=PLANE('',#1663);
#411=PLANE('',#1664);
#412=PLANE('',#1672);
#413=PLANE('',#1678);
#414=PLANE('',#1682);
#415=PLANE('',#1683);
#416=PLANE('',#1684);
#417=PLANE('',#1686);
#418=PLANE('',#1688);
#419=PLANE('',#1694);
#420=PLANE('',#1698);
#421=PLANE('',#1699);
#422=PLANE('',#1700);
#423=PLANE('',#1705);
#424=PLANE('',#1707);
#425=PLANE('',#1713);
#426=PLANE('',#1714);
#427=PLANE('',#1719);
#428=PLANE('',#1722);
#429=PLANE('',#1725);
#430=PLANE('',#1733);
#431=PLANE('',#1734);
#432=PLANE('',#1735);
#433=PLANE('',#1736);
#434=PLANE('',#1737);
#435=PLANE('',#1738);
#436=PLANE('',#1739);
#437=PLANE('',#1740);
#438=PLANE('',#1741);
#439=PLANE('',#1742);
#440=PLANE('',#1743);
#441=PLANE('',#1744);
#442=PLANE('',#1745);
#443=PLANE('',#1746);
#444=PLANE('',#1747);
#445=PLANE('',#1748);
#446=PLANE('',#1749);
#447=PLANE('',#1750);
#448=PLANE('',#1751);
#449=PLANE('',#1752);
#450=PLANE('',#1753);
#451=PLANE('',#1760);
#452=PLANE('',#1763);
#453=PLANE('',#1764);
#454=PLANE('',#1765);
#455=PLANE('',#1766);
#456=PLANE('',#1767);
#457=PLANE('',#1768);
#458=PLANE('',#1769);
#459=PLANE('',#1770);
#460=PLANE('',#1771);
#461=PLANE('',#1772);
#462=PLANE('',#1773);
#463=PLANE('',#1774);
#464=PLANE('',#1775);
#465=PLANE('',#1776);
#466=PLANE('',#1777);
#467=PLANE('',#1780);
#468=PLANE('',#1781);
#469=PLANE('',#1782);
#470=PLANE('',#1783);
#471=PLANE('',#1784);
#472=PLANE('',#1785);
#473=PLANE('',#1786);
#474=PLANE('',#1787);
#475=PLANE('',#1788);
#476=PLANE('',#1789);
#477=PLANE('',#1790);
#478=FACE_OUTER_BOUND('',#567,.T.);
#479=FACE_OUTER_BOUND('',#568,.T.);
#480=FACE_OUTER_BOUND('',#569,.T.);
#481=FACE_OUTER_BOUND('',#570,.T.);
#482=FACE_OUTER_BOUND('',#571,.T.);
#483=FACE_OUTER_BOUND('',#572,.T.);
#484=FACE_OUTER_BOUND('',#573,.T.);
#485=FACE_OUTER_BOUND('',#574,.T.);
#486=FACE_OUTER_BOUND('',#575,.T.);
#487=FACE_OUTER_BOUND('',#576,.T.);
#488=FACE_OUTER_BOUND('',#577,.T.);
#489=FACE_OUTER_BOUND('',#578,.T.);
#490=FACE_OUTER_BOUND('',#579,.T.);
#491=FACE_OUTER_BOUND('',#580,.T.);
#492=FACE_OUTER_BOUND('',#581,.T.);
#493=FACE_OUTER_BOUND('',#582,.T.);
#494=FACE_OUTER_BOUND('',#583,.T.);
#495=FACE_OUTER_BOUND('',#584,.T.);
#496=FACE_OUTER_BOUND('',#588,.T.);
#497=FACE_OUTER_BOUND('',#589,.T.);
#498=FACE_OUTER_BOUND('',#590,.T.);
#499=FACE_OUTER_BOUND('',#591,.T.);
#500=FACE_OUTER_BOUND('',#592,.T.);
#501=FACE_OUTER_BOUND('',#593,.T.);
#502=FACE_OUTER_BOUND('',#595,.T.);
#503=FACE_OUTER_BOUND('',#597,.T.);
#504=FACE_OUTER_BOUND('',#598,.T.);
#505=FACE_OUTER_BOUND('',#599,.T.);
#506=FACE_OUTER_BOUND('',#600,.T.);
#507=FACE_OUTER_BOUND('',#602,.T.);
#508=FACE_OUTER_BOUND('',#603,.T.);
#509=FACE_OUTER_BOUND('',#605,.T.);
#510=FACE_OUTER_BOUND('',#608,.T.);
#511=FACE_OUTER_BOUND('',#609,.T.);
#512=FACE_OUTER_BOUND('',#621,.T.);
#513=FACE_OUTER_BOUND('',#622,.T.);
#514=FACE_OUTER_BOUND('',#623,.T.);
#515=FACE_OUTER_BOUND('',#624,.T.);
#516=FACE_OUTER_BOUND('',#625,.T.);
#517=FACE_OUTER_BOUND('',#626,.T.);
#518=FACE_OUTER_BOUND('',#627,.T.);
#519=FACE_OUTER_BOUND('',#628,.T.);
#520=FACE_OUTER_BOUND('',#629,.T.);
#521=FACE_OUTER_BOUND('',#630,.T.);
#522=FACE_OUTER_BOUND('',#631,.T.);
#523=FACE_OUTER_BOUND('',#632,.T.);
#524=FACE_OUTER_BOUND('',#633,.T.);
#525=FACE_OUTER_BOUND('',#634,.T.);
#526=FACE_OUTER_BOUND('',#635,.T.);
#527=FACE_OUTER_BOUND('',#636,.T.);
#528=FACE_OUTER_BOUND('',#637,.T.);
#529=FACE_OUTER_BOUND('',#638,.T.);
#530=FACE_OUTER_BOUND('',#639,.T.);
#531=FACE_OUTER_BOUND('',#640,.T.);
#532=FACE_OUTER_BOUND('',#641,.T.);
#533=FACE_OUTER_BOUND('',#642,.T.);
#534=FACE_OUTER_BOUND('',#643,.T.);
#535=FACE_OUTER_BOUND('',#644,.T.);
#536=FACE_OUTER_BOUND('',#645,.T.);
#537=FACE_OUTER_BOUND('',#646,.T.);
#538=FACE_OUTER_BOUND('',#647,.T.);
#539=FACE_OUTER_BOUND('',#648,.T.);
#540=FACE_OUTER_BOUND('',#649,.T.);
#541=FACE_OUTER_BOUND('',#650,.T.);
#542=FACE_OUTER_BOUND('',#651,.T.);
#543=FACE_OUTER_BOUND('',#652,.T.);
#544=FACE_OUTER_BOUND('',#653,.T.);
#545=FACE_OUTER_BOUND('',#654,.T.);
#546=FACE_OUTER_BOUND('',#655,.T.);
#547=FACE_OUTER_BOUND('',#656,.T.);
#548=FACE_OUTER_BOUND('',#657,.T.);
#549=FACE_OUTER_BOUND('',#658,.T.);
#550=FACE_OUTER_BOUND('',#659,.T.);
#551=FACE_OUTER_BOUND('',#660,.T.);
#552=FACE_OUTER_BOUND('',#661,.T.);
#553=FACE_OUTER_BOUND('',#662,.T.);
#554=FACE_OUTER_BOUND('',#663,.T.);
#555=FACE_OUTER_BOUND('',#664,.T.);
#556=FACE_OUTER_BOUND('',#665,.T.);
#557=FACE_OUTER_BOUND('',#666,.T.);
#558=FACE_OUTER_BOUND('',#667,.T.);
#559=FACE_OUTER_BOUND('',#668,.T.);
#560=FACE_OUTER_BOUND('',#669,.T.);
#561=FACE_OUTER_BOUND('',#670,.T.);
#562=FACE_OUTER_BOUND('',#671,.T.);
#563=FACE_OUTER_BOUND('',#672,.T.);
#564=FACE_OUTER_BOUND('',#673,.T.);
#565=FACE_OUTER_BOUND('',#674,.T.);
#566=FACE_OUTER_BOUND('',#675,.T.);
#567=EDGE_LOOP('',(#1100,#1101,#1102,#1103));
#568=EDGE_LOOP('',(#1104,#1105,#1106,#1107,#1108,#1109));
#569=EDGE_LOOP('',(#1110,#1111,#1112,#1113,#1114,#1115,#1116,#1117,#1118,
#1119,#1120,#1121,#1122,#1123,#1124));
#570=EDGE_LOOP('',(#1125,#1126,#1127,#1128));
#571=EDGE_LOOP('',(#1129,#1130,#1131,#1132));
#572=EDGE_LOOP('',(#1133,#1134,#1135,#1136));
#573=EDGE_LOOP('',(#1137,#1138,#1139,#1140));
#574=EDGE_LOOP('',(#1141,#1142,#1143,#1144));
#575=EDGE_LOOP('',(#1145,#1146,#1147,#1148));
#576=EDGE_LOOP('',(#1149));
#577=EDGE_LOOP('',(#1150,#1151,#1152,#1153));
#578=EDGE_LOOP('',(#1154));
#579=EDGE_LOOP('',(#1155,#1156,#1157,#1158));
#580=EDGE_LOOP('',(#1159,#1160,#1161,#1162,#1163,#1164));
#581=EDGE_LOOP('',(#1165,#1166,#1167,#1168));
#582=EDGE_LOOP('',(#1169,#1170,#1171,#1172,#1173,#1174));
#583=EDGE_LOOP('',(#1175,#1176,#1177,#1178,#1179,#1180,#1181,#1182));
#584=EDGE_LOOP('',(#1183,#1184,#1185,#1186,#1187,#1188,#1189,#1190,#1191,
#1192,#1193,#1194,#1195,#1196,#1197,#1198,#1199,#1200,#1201,#1202,#1203,
#1204));
#585=EDGE_LOOP('',(#1205));
#586=EDGE_LOOP('',(#1206));
#587=EDGE_LOOP('',(#1207));
#588=EDGE_LOOP('',(#1208,#1209,#1210,#1211,#1212));
#589=EDGE_LOOP('',(#1213,#1214,#1215,#1216,#1217));
#590=EDGE_LOOP('',(#1218,#1219,#1220,#1221,#1222,#1223,#1224,#1225,#1226,
#1227,#1228,#1229,#1230,#1231,#1232));
#591=EDGE_LOOP('',(#1233,#1234,#1235,#1236));
#592=EDGE_LOOP('',(#1237,#1238,#1239,#1240));
#593=EDGE_LOOP('',(#1241));
#594=EDGE_LOOP('',(#1242));
#595=EDGE_LOOP('',(#1243));
#596=EDGE_LOOP('',(#1244));
#597=EDGE_LOOP('',(#1245,#1246,#1247,#1248));
#598=EDGE_LOOP('',(#1249,#1250,#1251,#1252));
#599=EDGE_LOOP('',(#1253));
#600=EDGE_LOOP('',(#1254));
#601=EDGE_LOOP('',(#1255));
#602=EDGE_LOOP('',(#1256,#1257,#1258,#1259));
#603=EDGE_LOOP('',(#1260));
#604=EDGE_LOOP('',(#1261));
#605=EDGE_LOOP('',(#1262,#1263,#1264,#1265,#1266,#1267,#1268,#1269,#1270,
#1271,#1272,#1273,#1274,#1275,#1276,#1277,#1278,#1279,#1280));
#606=EDGE_LOOP('',(#1281));
#607=EDGE_LOOP('',(#1282));
#608=EDGE_LOOP('',(#1283,#1284,#1285,#1286));
#609=EDGE_LOOP('',(#1287,#1288,#1289,#1290,#1291,#1292,#1293,#1294,#1295,
#1296,#1297,#1298,#1299,#1300,#1301,#1302,#1303,#1304,#1305,#1306,#1307,
#1308,#1309,#1310,#1311,#1312,#1313));
#610=EDGE_LOOP('',(#1314));
#611=EDGE_LOOP('',(#1315));
#612=EDGE_LOOP('',(#1316));
#613=EDGE_LOOP('',(#1317));
#614=EDGE_LOOP('',(#1318));
#615=EDGE_LOOP('',(#1319));
#616=EDGE_LOOP('',(#1320));
#617=EDGE_LOOP('',(#1321));
#618=EDGE_LOOP('',(#1322));
#619=EDGE_LOOP('',(#1323));
#620=EDGE_LOOP('',(#1324));
#621=EDGE_LOOP('',(#1325,#1326,#1327,#1328));
#622=EDGE_LOOP('',(#1329,#1330,#1331,#1332));
#623=EDGE_LOOP('',(#1333,#1334,#1335,#1336));
#624=EDGE_LOOP('',(#1337,#1338,#1339,#1340));
#625=EDGE_LOOP('',(#1341,#1342,#1343,#1344));
#626=EDGE_LOOP('',(#1345,#1346,#1347,#1348));
#627=EDGE_LOOP('',(#1349,#1350,#1351,#1352));
#628=EDGE_LOOP('',(#1353,#1354,#1355,#1356));
#629=EDGE_LOOP('',(#1357,#1358,#1359,#1360,#1361));
#630=EDGE_LOOP('',(#1362,#1363,#1364,#1365,#1366));
#631=EDGE_LOOP('',(#1367,#1368,#1369,#1370));
#632=EDGE_LOOP('',(#1371,#1372,#1373,#1374));
#633=EDGE_LOOP('',(#1375,#1376,#1377,#1378));
#634=EDGE_LOOP('',(#1379,#1380,#1381,#1382));
#635=EDGE_LOOP('',(#1383,#1384,#1385,#1386));
#636=EDGE_LOOP('',(#1387,#1388,#1389,#1390));
#637=EDGE_LOOP('',(#1391,#1392,#1393,#1394));
#638=EDGE_LOOP('',(#1395,#1396,#1397,#1398));
#639=EDGE_LOOP('',(#1399,#1400,#1401,#1402));
#640=EDGE_LOOP('',(#1403,#1404,#1405,#1406));
#641=EDGE_LOOP('',(#1407,#1408,#1409,#1410,#1411,#1412));
#642=EDGE_LOOP('',(#1413,#1414,#1415,#1416));
#643=EDGE_LOOP('',(#1417,#1418,#1419,#1420));
#644=EDGE_LOOP('',(#1421,#1422,#1423,#1424));
#645=EDGE_LOOP('',(#1425,#1426,#1427,#1428));
#646=EDGE_LOOP('',(#1429));
#647=EDGE_LOOP('',(#1430,#1431,#1432,#1433));
#648=EDGE_LOOP('',(#1434,#1435,#1436,#1437));
#649=EDGE_LOOP('',(#1438,#1439,#1440,#1441));
#650=EDGE_LOOP('',(#1442,#1443,#1444,#1445));
#651=EDGE_LOOP('',(#1446,#1447,#1448,#1449));
#652=EDGE_LOOP('',(#1450));
#653=EDGE_LOOP('',(#1451));
#654=EDGE_LOOP('',(#1452,#1453,#1454,#1455,#1456));
#655=EDGE_LOOP('',(#1457,#1458,#1459,#1460));
#656=EDGE_LOOP('',(#1461,#1462,#1463,#1464,#1465,#1466,#1467,#1468));
#657=EDGE_LOOP('',(#1469,#1470,#1471,#1472));
#658=EDGE_LOOP('',(#1473,#1474,#1475,#1476,#1477,#1478));
#659=EDGE_LOOP('',(#1479,#1480,#1481,#1482));
#660=EDGE_LOOP('',(#1483,#1484,#1485,#1486,#1487,#1488));
#661=EDGE_LOOP('',(#1489,#1490,#1491,#1492,#1493));
#662=EDGE_LOOP('',(#1494,#1495,#1496,#1497));
#663=EDGE_LOOP('',(#1498,#1499,#1500,#1501));
#664=EDGE_LOOP('',(#1502,#1503,#1504,#1505));
#665=EDGE_LOOP('',(#1506,#1507,#1508,#1509));
#666=EDGE_LOOP('',(#1510,#1511,#1512,#1513,#1514));
#667=EDGE_LOOP('',(#1515,#1516,#1517,#1518));
#668=EDGE_LOOP('',(#1519,#1520,#1521,#1522));
#669=EDGE_LOOP('',(#1523,#1524,#1525,#1526,#1527));
#670=EDGE_LOOP('',(#1528,#1529,#1530,#1531));
#671=EDGE_LOOP('',(#1532,#1533,#1534,#1535));
#672=EDGE_LOOP('',(#1536,#1537,#1538,#1539,#1540,#1541));
#673=EDGE_LOOP('',(#1542,#1543,#1544,#1545));
#674=EDGE_LOOP('',(#1546,#1547,#1548,#1549));
#675=EDGE_LOOP('',(#1550,#1551,#1552,#1553));
#676=CIRCLE('',#1661,8.635);
#677=CIRCLE('',#1662,8.135);
#678=CIRCLE('',#1666,6.55);
#679=CIRCLE('',#1667,6.05);
#680=CIRCLE('',#1669,6.05);
#681=CIRCLE('',#1671,6.55);
#682=CIRCLE('',#1673,8.135);
#683=CIRCLE('',#1676,2.35);
#684=CIRCLE('',#1677,2.35);
#685=CIRCLE('',#1680,2.35);
#686=CIRCLE('',#1681,2.35);
#687=CIRCLE('',#1687,11.);
#688=CIRCLE('',#1691,11.);
#689=CIRCLE('',#1692,11.);
#690=CIRCLE('',#1693,11.);
#691=CIRCLE('',#1695,7.45928772785487);
#692=CIRCLE('',#1696,1.5);
#693=CIRCLE('',#1697,1.5);
#694=CIRCLE('',#1702,1.5);
#695=CIRCLE('',#1704,1.5);
#696=CIRCLE('',#1706,3.);
#697=CIRCLE('',#1708,3.);
#698=CIRCLE('',#1709,13.0000001937151);
#699=CIRCLE('',#1711,2.35);
#700=CIRCLE('',#1712,2.35);
#701=CIRCLE('',#1715,3.);
#702=CIRCLE('',#1716,1.5);
#703=CIRCLE('',#1718,1.5);
#704=CIRCLE('',#1720,3.);
#705=CIRCLE('',#1721,1.5);
#706=CIRCLE('',#1723,1.5);
#707=CIRCLE('',#1726,2.35);
#708=CIRCLE('',#1727,2.35);
#709=CIRCLE('',#1728,2.35);
#710=CIRCLE('',#1729,3.);
#711=CIRCLE('',#1730,3.);
#712=CIRCLE('',#1731,3.);
#713=CIRCLE('',#1732,3.);
#714=CIRCLE('',#1757,2.35);
#715=CIRCLE('',#1759,2.35);
#716=CIRCLE('',#1761,2.35);
#717=(
BOUNDED_CURVE()
B_SPLINE_CURVE(2,(#2236,#2237,#2238),.UNSPECIFIED.,.F.,.F.)
B_SPLINE_CURVE_WITH_KNOTS((3,3),(2.29500209143259,2.30292795965572),
 .UNSPECIFIED.)
CURVE()
GEOMETRIC_REPRESENTATION_ITEM()
RATIONAL_B_SPLINE_CURVE((1.05498915265101,1.0275895297853,1.))
REPRESENTATION_ITEM('')
);
#718=(
BOUNDED_CURVE()
B_SPLINE_CURVE(2,(#2242,#2243,#2244),.UNSPECIFIED.,.F.,.F.)
B_SPLINE_CURVE_WITH_KNOTS((3,3),(0.,0.00792586822530872),.UNSPECIFIED.)
CURVE()
GEOMETRIC_REPRESENTATION_ITEM()
RATIONAL_B_SPLINE_CURVE((1.,1.02758952979287,1.05498915266606))
REPRESENTATION_ITEM('')
);
#719=(
BOUNDED_CURVE()
B_SPLINE_CURVE(2,(#2262,#2263,#2264),.UNSPECIFIED.,.F.,.F.)
B_SPLINE_CURVE_WITH_KNOTS((3,3),(3.22755456420048,3.2468185843349),
 .UNSPECIFIED.)
CURVE()
GEOMETRIC_REPRESENTATION_ITEM()
RATIONAL_B_SPLINE_CURVE((1.90150730430041,1.83858039879554,1.77487020516355))
REPRESENTATION_ITEM('')
);
#720=(
BOUNDED_CURVE()
B_SPLINE_CURVE(2,(#2268,#2269,#2270),.UNSPECIFIED.,.F.,.F.)
B_SPLINE_CURVE_WITH_KNOTS((3,3),(0.,0.0105230928930291),.UNSPECIFIED.)
CURVE()
GEOMETRIC_REPRESENTATION_ITEM()
RATIONAL_B_SPLINE_CURVE((1.,1.03589569166615,1.07135006197549))
REPRESENTATION_ITEM('')
);
#721=(
BOUNDED_CURVE()
B_SPLINE_CURVE(2,(#2290,#2291,#2292),.UNSPECIFIED.,.F.,.F.)
B_SPLINE_CURVE_WITH_KNOTS((3,3),(0.113068919538743,0.132332939673118),
 .UNSPECIFIED.)
CURVE()
GEOMETRIC_REPRESENTATION_ITEM()
RATIONAL_B_SPLINE_CURVE((1.77487020516355,1.83858039879538,1.90150730430011))
REPRESENTATION_ITEM('')
);
#722=(
BOUNDED_CURVE()
B_SPLINE_CURVE(2,(#2300,#2301,#2302),.UNSPECIFIED.,.F.,.F.)
B_SPLINE_CURVE_WITH_KNOTS((3,3),(1.70130749054919,1.71183058344224),
 .UNSPECIFIED.)
CURVE()
GEOMETRIC_REPRESENTATION_ITEM()
RATIONAL_B_SPLINE_CURVE((1.07135006197558,1.0358956916662,1.))
REPRESENTATION_ITEM('')
);
#723=VERTEX_POINT('',#2234);
#724=VERTEX_POINT('',#2235);
#725=VERTEX_POINT('',#2239);
#726=VERTEX_POINT('',#2241);
#727=VERTEX_POINT('',#2247);
#728=VERTEX_POINT('',#2249);
#729=VERTEX_POINT('',#2251);
#730=VERTEX_POINT('',#2253);
#731=VERTEX_POINT('',#2257);
#732=VERTEX_POINT('',#2259);
#733=VERTEX_POINT('',#2261);
#734=VERTEX_POINT('',#2265);
#735=VERTEX_POINT('',#2267);
#736=VERTEX_POINT('',#2271);
#737=VERTEX_POINT('',#2273);
#738=VERTEX_POINT('',#2275);
#739=VERTEX_POINT('',#2277);
#740=VERTEX_POINT('',#2279);
#741=VERTEX_POINT('',#2281);
#742=VERTEX_POINT('',#2283);
#743=VERTEX_POINT('',#2287);
#744=VERTEX_POINT('',#2289);
#745=VERTEX_POINT('',#2295);
#746=VERTEX_POINT('',#2299);
#747=VERTEX_POINT('',#2305);
#748=VERTEX_POINT('',#2311);
#749=VERTEX_POINT('',#2313);
#750=VERTEX_POINT('',#2318);
#751=VERTEX_POINT('',#2320);
#752=VERTEX_POINT('',#2325);
#753=VERTEX_POINT('',#2326);
#754=VERTEX_POINT('',#2328);
#755=VERTEX_POINT('',#2330);
#756=VERTEX_POINT('',#2334);
#757=VERTEX_POINT('',#2336);
#758=VERTEX_POINT('',#2338);
#759=VERTEX_POINT('',#2340);
#760=VERTEX_POINT('',#2344);
#761=VERTEX_POINT('',#2346);
#762=VERTEX_POINT('',#2350);
#763=VERTEX_POINT('',#2352);
#764=VERTEX_POINT('',#2354);
#765=VERTEX_POINT('',#2356);
#766=VERTEX_POINT('',#2360);
#767=VERTEX_POINT('',#2362);
#768=VERTEX_POINT('',#2364);
#769=VERTEX_POINT('',#2366);
#770=VERTEX_POINT('',#2370);
#771=VERTEX_POINT('',#2372);
#772=VERTEX_POINT('',#2374);
#773=VERTEX_POINT('',#2376);
#774=VERTEX_POINT('',#2379);
#775=VERTEX_POINT('',#2381);
#776=VERTEX_POINT('',#2383);
#777=VERTEX_POINT('',#2385);
#778=VERTEX_POINT('',#2388);
#779=VERTEX_POINT('',#2390);
#780=VERTEX_POINT('',#2392);
#781=VERTEX_POINT('',#2394);
#782=VERTEX_POINT('',#2396);
#783=VERTEX_POINT('',#2398);
#784=VERTEX_POINT('',#2400);
#785=VERTEX_POINT('',#2403);
#786=VERTEX_POINT('',#2405);
#787=VERTEX_POINT('',#2407);
#788=VERTEX_POINT('',#2410);
#789=VERTEX_POINT('',#2414);
#790=VERTEX_POINT('',#2418);
#791=VERTEX_POINT('',#2420);
#792=VERTEX_POINT('',#2422);
#793=VERTEX_POINT('',#2424);
#794=VERTEX_POINT('',#2426);
#795=VERTEX_POINT('',#2428);
#796=VERTEX_POINT('',#2430);
#797=VERTEX_POINT('',#2434);
#798=VERTEX_POINT('',#2438);
#799=VERTEX_POINT('',#2442);
#800=VERTEX_POINT('',#2445);
#801=VERTEX_POINT('',#2465);
#802=VERTEX_POINT('',#2470);
#803=VERTEX_POINT('',#2472);
#804=VERTEX_POINT('',#2477);
#805=VERTEX_POINT('',#2479);
#806=VERTEX_POINT('',#2482);
#807=VERTEX_POINT('',#2486);
#808=VERTEX_POINT('',#2488);
#809=VERTEX_POINT('',#2491);
#810=VERTEX_POINT('',#2492);
#811=VERTEX_POINT('',#2494);
#812=VERTEX_POINT('',#2496);
#813=VERTEX_POINT('',#2498);
#814=VERTEX_POINT('',#2500);
#815=VERTEX_POINT('',#2502);
#816=VERTEX_POINT('',#2504);
#817=VERTEX_POINT('',#2506);
#818=VERTEX_POINT('',#2508);
#819=VERTEX_POINT('',#2510);
#820=VERTEX_POINT('',#2512);
#821=VERTEX_POINT('',#2514);
#822=VERTEX_POINT('',#2516);
#823=VERTEX_POINT('',#2518);
#824=VERTEX_POINT('',#2520);
#825=VERTEX_POINT('',#2522);
#826=VERTEX_POINT('',#2524);
#827=VERTEX_POINT('',#2526);
#828=VERTEX_POINT('',#2529);
#829=VERTEX_POINT('',#2534);
#830=VERTEX_POINT('',#2536);
#831=VERTEX_POINT('',#2538);
#832=VERTEX_POINT('',#2540);
#833=VERTEX_POINT('',#2542);
#834=VERTEX_POINT('',#2544);
#835=VERTEX_POINT('',#2546);
#836=VERTEX_POINT('',#2548);
#837=VERTEX_POINT('',#2550);
#838=VERTEX_POINT('',#2552);
#839=VERTEX_POINT('',#2554);
#840=VERTEX_POINT('',#2556);
#841=VERTEX_POINT('',#2558);
#842=VERTEX_POINT('',#2560);
#843=VERTEX_POINT('',#2562);
#844=VERTEX_POINT('',#2564);
#845=VERTEX_POINT('',#2566);
#846=VERTEX_POINT('',#2568);
#847=VERTEX_POINT('',#2570);
#848=VERTEX_POINT('',#2572);
#849=VERTEX_POINT('',#2574);
#850=VERTEX_POINT('',#2576);
#851=VERTEX_POINT('',#2579);
#852=VERTEX_POINT('',#2581);
#853=VERTEX_POINT('',#2583);
#854=VERTEX_POINT('',#2585);
#855=VERTEX_POINT('',#2587);
#856=VERTEX_POINT('',#2589);
#857=VERTEX_POINT('',#2591);
#858=VERTEX_POINT('',#2612);
#859=VERTEX_POINT('',#2636);
#860=VERTEX_POINT('',#2638);
#861=VERTEX_POINT('',#2642);
#862=VERTEX_POINT('',#2650);
#863=VERTEX_POINT('',#2654);
#864=VERTEX_POINT('',#2658);
#865=VERTEX_POINT('',#2670);
#866=VERTEX_POINT('',#2672);
#867=VERTEX_POINT('',#2678);
#868=VERTEX_POINT('',#2684);
#869=VERTEX_POINT('',#2692);
#870=VERTEX_POINT('',#2696);
#871=VERTEX_POINT('',#2717);
#872=VERTEX_POINT('',#2721);
#873=EDGE_CURVE('',#723,#724,#717,.T.);
#874=EDGE_CURVE('',#724,#725,#676,.T.);
#875=EDGE_CURVE('',#725,#726,#718,.T.);
#876=EDGE_CURVE('',#726,#723,#677,.T.);
#877=EDGE_CURVE('',#727,#724,#56,.T.);
#878=EDGE_CURVE('',#728,#727,#57,.T.);
#879=EDGE_CURVE('',#729,#728,#58,.T.);
#880=EDGE_CURVE('',#729,#730,#59,.T.);
#881=EDGE_CURVE('',#725,#730,#60,.T.);
#882=EDGE_CURVE('',#723,#731,#61,.T.);
#883=EDGE_CURVE('',#732,#731,#62,.T.);
#884=EDGE_CURVE('',#733,#732,#719,.T.);
#885=EDGE_CURVE('',#733,#734,#63,.F.);
#886=EDGE_CURVE('',#735,#734,#720,.T.);
#887=EDGE_CURVE('',#735,#736,#64,.T.);
#888=EDGE_CURVE('',#736,#737,#65,.T.);
#889=EDGE_CURVE('',#737,#738,#66,.T.);
#890=EDGE_CURVE('',#738,#739,#67,.T.);
#891=EDGE_CURVE('',#739,#740,#68,.T.);
#892=EDGE_CURVE('',#740,#741,#69,.T.);
#893=EDGE_CURVE('',#741,#742,#70,.T.);
#894=EDGE_CURVE('',#742,#727,#71,.T.);
#895=EDGE_CURVE('',#732,#743,#678,.T.);
#896=EDGE_CURVE('',#743,#744,#721,.T.);
#897=EDGE_CURVE('',#744,#733,#679,.T.);
#898=EDGE_CURVE('',#745,#744,#72,.T.);
#899=EDGE_CURVE('',#734,#745,#680,.T.);
#900=EDGE_CURVE('',#745,#746,#722,.T.);
#901=EDGE_CURVE('',#746,#735,#681,.T.);
#902=EDGE_CURVE('',#747,#731,#682,.T.);
#903=EDGE_CURVE('',#747,#743,#73,.T.);
#904=EDGE_CURVE('',#747,#726,#74,.T.);
#905=EDGE_CURVE('',#748,#748,#683,.T.);
#906=EDGE_CURVE('',#748,#749,#75,.T.);
#907=EDGE_CURVE('',#749,#749,#684,.T.);
#908=EDGE_CURVE('',#750,#750,#685,.T.);
#909=EDGE_CURVE('',#750,#751,#76,.T.);
#910=EDGE_CURVE('',#751,#751,#686,.T.);
#911=EDGE_CURVE('',#752,#753,#77,.T.);
#912=EDGE_CURVE('',#754,#752,#78,.T.);
#913=EDGE_CURVE('',#755,#754,#79,.T.);
#914=EDGE_CURVE('',#755,#753,#80,.T.);
#915=EDGE_CURVE('',#753,#756,#81,.T.);
#916=EDGE_CURVE('',#757,#755,#82,.T.);
#917=EDGE_CURVE('',#757,#758,#83,.T.);
#918=EDGE_CURVE('',#759,#758,#37,.T.);
#919=EDGE_CURVE('',#756,#759,#84,.T.);
#920=EDGE_CURVE('',#758,#760,#687,.T.);
#921=EDGE_CURVE('',#761,#757,#85,.T.);
#922=EDGE_CURVE('',#761,#760,#86,.T.);
#923=EDGE_CURVE('',#760,#762,#38,.T.);
#924=EDGE_CURVE('',#763,#761,#87,.T.);
#925=EDGE_CURVE('',#763,#764,#88,.T.);
#926=EDGE_CURVE('',#765,#764,#89,.T.);
#927=EDGE_CURVE('',#762,#765,#90,.T.);
#928=EDGE_CURVE('',#766,#762,#688,.T.);
#929=EDGE_CURVE('',#767,#766,#91,.T.);
#930=EDGE_CURVE('',#768,#767,#689,.T.);
#931=EDGE_CURVE('',#769,#768,#92,.T.);
#932=EDGE_CURVE('',#759,#769,#690,.T.);
#933=EDGE_CURVE('',#756,#770,#93,.T.);
#934=EDGE_CURVE('',#770,#771,#94,.T.);
#935=EDGE_CURVE('',#771,#772,#95,.T.);
#936=EDGE_CURVE('',#772,#773,#96,.T.);
#937=EDGE_CURVE('',#773,#765,#97,.T.);
#938=EDGE_CURVE('',#764,#774,#98,.T.);
#939=EDGE_CURVE('',#774,#775,#99,.T.);
#940=EDGE_CURVE('',#775,#776,#100,.T.);
#941=EDGE_CURVE('',#776,#777,#101,.T.);
#942=EDGE_CURVE('',#777,#729,#102,.T.);
#943=EDGE_CURVE('',#728,#778,#103,.T.);
#944=EDGE_CURVE('',#778,#779,#104,.T.);
#945=EDGE_CURVE('',#779,#780,#105,.T.);
#946=EDGE_CURVE('',#780,#781,#106,.T.);
#947=EDGE_CURVE('',#781,#782,#107,.T.);
#948=EDGE_CURVE('',#782,#783,#108,.T.);
#949=EDGE_CURVE('',#783,#784,#109,.T.);
#950=EDGE_CURVE('',#784,#752,#110,.T.);
#951=EDGE_CURVE('',#785,#785,#691,.T.);
#952=EDGE_CURVE('',#786,#786,#692,.T.);
#953=EDGE_CURVE('',#787,#787,#693,.T.);
#954=EDGE_CURVE('',#788,#773,#111,.T.);
#955=EDGE_CURVE('',#766,#788,#112,.T.);
#956=EDGE_CURVE('',#789,#769,#113,.T.);
#957=EDGE_CURVE('',#770,#789,#114,.T.);
#958=EDGE_CURVE('',#730,#790,#115,.T.);
#959=EDGE_CURVE('',#790,#791,#116,.T.);
#960=EDGE_CURVE('',#791,#792,#117,.T.);
#961=EDGE_CURVE('',#792,#793,#118,.T.);
#962=EDGE_CURVE('',#793,#794,#119,.T.);
#963=EDGE_CURVE('',#794,#795,#120,.T.);
#964=EDGE_CURVE('',#795,#796,#121,.T.);
#965=EDGE_CURVE('',#796,#746,#122,.T.);
#966=EDGE_CURVE('',#797,#797,#694,.T.);
#967=EDGE_CURVE('',#797,#787,#123,.T.);
#968=EDGE_CURVE('',#798,#798,#695,.T.);
#969=EDGE_CURVE('',#798,#786,#124,.T.);
#970=EDGE_CURVE('',#799,#799,#696,.T.);
#971=EDGE_CURVE('',#800,#800,#697,.T.);
#972=EDGE_CURVE('',#801,#801,#698,.T.);
#973=EDGE_CURVE('',#801,#785,#15,.T.);
#974=EDGE_CURVE('',#802,#802,#699,.T.);
#975=EDGE_CURVE('',#802,#803,#125,.T.);
#976=EDGE_CURVE('',#803,#803,#700,.T.);
#977=EDGE_CURVE('',#804,#804,#701,.T.);
#978=EDGE_CURVE('',#805,#805,#702,.T.);
#979=EDGE_CURVE('',#805,#806,#126,.T.);
#980=EDGE_CURVE('',#806,#806,#703,.T.);
#981=EDGE_CURVE('',#807,#807,#704,.T.);
#982=EDGE_CURVE('',#808,#808,#705,.T.);
#983=EDGE_CURVE('',#809,#810,#127,.T.);
#984=EDGE_CURVE('',#810,#811,#128,.T.);
#985=EDGE_CURVE('',#811,#812,#129,.T.);
#986=EDGE_CURVE('',#812,#813,#130,.T.);
#987=EDGE_CURVE('',#813,#814,#131,.T.);
#988=EDGE_CURVE('',#814,#815,#132,.T.);
#989=EDGE_CURVE('',#816,#815,#133,.T.);
#990=EDGE_CURVE('',#816,#817,#134,.T.);
#991=EDGE_CURVE('',#817,#818,#135,.T.);
#992=EDGE_CURVE('',#818,#819,#136,.T.);
#993=EDGE_CURVE('',#819,#820,#137,.T.);
#994=EDGE_CURVE('',#820,#821,#138,.T.);
#995=EDGE_CURVE('',#821,#822,#139,.T.);
#996=EDGE_CURVE('',#822,#823,#140,.T.);
#997=EDGE_CURVE('',#823,#824,#141,.T.);
#998=EDGE_CURVE('',#824,#825,#142,.T.);
#999=EDGE_CURVE('',#825,#826,#143,.T.);
#1000=EDGE_CURVE('',#826,#827,#144,.T.);
#1001=EDGE_CURVE('',#827,#809,#145,.T.);
#1002=EDGE_CURVE('',#828,#828,#706,.T.);
#1003=EDGE_CURVE('',#808,#828,#146,.T.);
#1004=EDGE_CURVE('',#829,#754,#147,.T.);
#1005=EDGE_CURVE('',#830,#829,#148,.T.);
#1006=EDGE_CURVE('',#831,#830,#149,.T.);
#1007=EDGE_CURVE('',#832,#831,#150,.T.);
#1008=EDGE_CURVE('',#833,#832,#151,.T.);
#1009=EDGE_CURVE('',#834,#833,#152,.T.);
#1010=EDGE_CURVE('',#835,#834,#153,.T.);
#1011=EDGE_CURVE('',#836,#835,#154,.T.);
#1012=EDGE_CURVE('',#837,#836,#155,.T.);
#1013=EDGE_CURVE('',#838,#837,#156,.T.);
#1014=EDGE_CURVE('',#839,#838,#157,.T.);
#1015=EDGE_CURVE('',#840,#839,#158,.T.);
#1016=EDGE_CURVE('',#841,#840,#159,.T.);
#1017=EDGE_CURVE('',#842,#841,#160,.T.);
#1018=EDGE_CURVE('',#843,#842,#161,.T.);
#1019=EDGE_CURVE('',#844,#843,#162,.T.);
#1020=EDGE_CURVE('',#845,#844,#163,.T.);
#1021=EDGE_CURVE('',#846,#845,#164,.T.);
#1022=EDGE_CURVE('',#847,#846,#165,.T.);
#1023=EDGE_CURVE('',#848,#847,#166,.T.);
#1024=EDGE_CURVE('',#849,#848,#167,.T.);
#1025=EDGE_CURVE('',#850,#849,#168,.T.);
#1026=EDGE_CURVE('',#850,#763,#169,.T.);
#1027=EDGE_CURVE('',#851,#851,#707,.F.);
#1028=EDGE_CURVE('',#852,#852,#708,.F.);
#1029=EDGE_CURVE('',#853,#853,#709,.F.);
#1030=EDGE_CURVE('',#854,#854,#710,.T.);
#1031=EDGE_CURVE('',#855,#855,#711,.T.);
#1032=EDGE_CURVE('',#856,#856,#712,.T.);
#1033=EDGE_CURVE('',#857,#857,#713,.T.);
#1034=EDGE_CURVE('',#843,#812,#170,.T.);
#1035=EDGE_CURVE('',#844,#811,#171,.T.);
#1036=EDGE_CURVE('',#842,#813,#172,.T.);
#1037=EDGE_CURVE('',#841,#814,#173,.T.);
#1038=EDGE_CURVE('',#840,#815,#174,.T.);
#1039=EDGE_CURVE('',#838,#817,#175,.T.);
#1040=EDGE_CURVE('',#839,#816,#176,.T.);
#1041=EDGE_CURVE('',#837,#818,#177,.T.);
#1042=EDGE_CURVE('',#836,#819,#178,.T.);
#1043=EDGE_CURVE('',#835,#820,#179,.T.);
#1044=EDGE_CURVE('',#834,#858,#180,.T.);
#1045=EDGE_CURVE('',#821,#858,#181,.T.);
#1046=EDGE_CURVE('',#833,#780,#182,.T.);
#1047=EDGE_CURVE('',#858,#779,#183,.T.);
#1048=EDGE_CURVE('',#832,#781,#184,.T.);
#1049=EDGE_CURVE('',#831,#782,#185,.T.);
#1050=EDGE_CURVE('',#830,#783,#186,.T.);
#1051=EDGE_CURVE('',#829,#784,#187,.T.);
#1052=EDGE_CURVE('',#850,#774,#188,.T.);
#1053=EDGE_CURVE('',#849,#775,#189,.T.);
#1054=EDGE_CURVE('',#848,#776,#190,.T.);
#1055=EDGE_CURVE('',#847,#777,#191,.T.);
#1056=EDGE_CURVE('',#845,#859,#192,.T.);
#1057=EDGE_CURVE('',#860,#859,#193,.T.);
#1058=EDGE_CURVE('',#846,#860,#194,.T.);
#1059=EDGE_CURVE('',#861,#810,#195,.T.);
#1060=EDGE_CURVE('',#859,#861,#196,.T.);
#1061=EDGE_CURVE('',#857,#800,#197,.T.);
#1062=EDGE_CURVE('',#854,#799,#198,.T.);
#1063=EDGE_CURVE('',#853,#862,#199,.T.);
#1064=EDGE_CURVE('',#862,#862,#714,.F.);
#1065=EDGE_CURVE('',#852,#863,#200,.T.);
#1066=EDGE_CURVE('',#863,#863,#715,.F.);
#1067=EDGE_CURVE('',#864,#864,#716,.F.);
#1068=EDGE_CURVE('',#851,#864,#201,.T.);
#1069=EDGE_CURVE('',#795,#826,#202,.T.);
#1070=EDGE_CURVE('',#796,#825,#203,.T.);
#1071=EDGE_CURVE('',#794,#827,#204,.T.);
#1072=EDGE_CURVE('',#793,#809,#205,.T.);
#1073=EDGE_CURVE('',#810,#865,#206,.T.);
#1074=EDGE_CURVE('',#865,#866,#207,.T.);
#1075=EDGE_CURVE('',#866,#861,#208,.T.);
#1076=EDGE_CURVE('',#741,#867,#209,.T.);
#1077=EDGE_CURVE('',#779,#867,#210,.T.);
#1078=EDGE_CURVE('',#742,#778,#211,.T.);
#1079=EDGE_CURVE('',#790,#868,#212,.T.);
#1080=EDGE_CURVE('',#868,#860,#213,.T.);
#1081=EDGE_CURVE('',#861,#868,#214,.T.);
#1082=EDGE_CURVE('',#736,#824,#215,.T.);
#1083=EDGE_CURVE('',#740,#869,#216,.T.);
#1084=EDGE_CURVE('',#867,#869,#217,.T.);
#1085=EDGE_CURVE('',#869,#870,#218,.T.);
#1086=EDGE_CURVE('',#870,#821,#219,.T.);
#1087=EDGE_CURVE('',#792,#865,#220,.T.);
#1088=EDGE_CURVE('',#791,#866,#221,.T.);
#1089=EDGE_CURVE('',#855,#807,#222,.T.);
#1090=EDGE_CURVE('',#856,#804,#223,.T.);
#1091=EDGE_CURVE('',#737,#823,#224,.T.);
#1092=EDGE_CURVE('',#738,#822,#225,.T.);
#1093=EDGE_CURVE('',#739,#870,#226,.T.);
#1094=EDGE_CURVE('',#871,#789,#227,.T.);
#1095=EDGE_CURVE('',#771,#871,#228,.T.);
#1096=EDGE_CURVE('',#872,#767,#229,.T.);
#1097=EDGE_CURVE('',#872,#772,#230,.T.);
#1098=EDGE_CURVE('',#768,#871,#231,.T.);
#1099=EDGE_CURVE('',#788,#872,#232,.T.);
#1100=ORIENTED_EDGE('',*,*,#873,.T.);
#1101=ORIENTED_EDGE('',*,*,#874,.T.);
#1102=ORIENTED_EDGE('',*,*,#875,.T.);
#1103=ORIENTED_EDGE('',*,*,#876,.T.);
#1104=ORIENTED_EDGE('',*,*,#874,.F.);
#1105=ORIENTED_EDGE('',*,*,#877,.F.);
#1106=ORIENTED_EDGE('',*,*,#878,.F.);
#1107=ORIENTED_EDGE('',*,*,#879,.F.);
#1108=ORIENTED_EDGE('',*,*,#880,.T.);
#1109=ORIENTED_EDGE('',*,*,#881,.F.);
#1110=ORIENTED_EDGE('',*,*,#873,.F.);
#1111=ORIENTED_EDGE('',*,*,#882,.T.);
#1112=ORIENTED_EDGE('',*,*,#883,.F.);
#1113=ORIENTED_EDGE('',*,*,#884,.F.);
#1114=ORIENTED_EDGE('',*,*,#885,.T.);
#1115=ORIENTED_EDGE('',*,*,#886,.F.);
#1116=ORIENTED_EDGE('',*,*,#887,.T.);
#1117=ORIENTED_EDGE('',*,*,#888,.T.);
#1118=ORIENTED_EDGE('',*,*,#889,.T.);
#1119=ORIENTED_EDGE('',*,*,#890,.T.);
#1120=ORIENTED_EDGE('',*,*,#891,.T.);
#1121=ORIENTED_EDGE('',*,*,#892,.T.);
#1122=ORIENTED_EDGE('',*,*,#893,.T.);
#1123=ORIENTED_EDGE('',*,*,#894,.T.);
#1124=ORIENTED_EDGE('',*,*,#877,.T.);
#1125=ORIENTED_EDGE('',*,*,#884,.T.);
#1126=ORIENTED_EDGE('',*,*,#895,.T.);
#1127=ORIENTED_EDGE('',*,*,#896,.T.);
#1128=ORIENTED_EDGE('',*,*,#897,.T.);
#1129=ORIENTED_EDGE('',*,*,#897,.F.);
#1130=ORIENTED_EDGE('',*,*,#898,.F.);
#1131=ORIENTED_EDGE('',*,*,#899,.F.);
#1132=ORIENTED_EDGE('',*,*,#885,.F.);
#1133=ORIENTED_EDGE('',*,*,#900,.T.);
#1134=ORIENTED_EDGE('',*,*,#901,.T.);
#1135=ORIENTED_EDGE('',*,*,#886,.T.);
#1136=ORIENTED_EDGE('',*,*,#899,.T.);
#1137=ORIENTED_EDGE('',*,*,#895,.F.);
#1138=ORIENTED_EDGE('',*,*,#883,.T.);
#1139=ORIENTED_EDGE('',*,*,#902,.F.);
#1140=ORIENTED_EDGE('',*,*,#903,.T.);
#1141=ORIENTED_EDGE('',*,*,#876,.F.);
#1142=ORIENTED_EDGE('',*,*,#904,.F.);
#1143=ORIENTED_EDGE('',*,*,#902,.T.);
#1144=ORIENTED_EDGE('',*,*,#882,.F.);
#1145=ORIENTED_EDGE('',*,*,#905,.F.);
#1146=ORIENTED_EDGE('',*,*,#906,.T.);
#1147=ORIENTED_EDGE('',*,*,#907,.T.);
#1148=ORIENTED_EDGE('',*,*,#906,.F.);
#1149=ORIENTED_EDGE('',*,*,#907,.F.);
#1150=ORIENTED_EDGE('',*,*,#908,.F.);
#1151=ORIENTED_EDGE('',*,*,#909,.T.);
#1152=ORIENTED_EDGE('',*,*,#910,.T.);
#1153=ORIENTED_EDGE('',*,*,#909,.F.);
#1154=ORIENTED_EDGE('',*,*,#910,.F.);
#1155=ORIENTED_EDGE('',*,*,#911,.F.);
#1156=ORIENTED_EDGE('',*,*,#912,.F.);
#1157=ORIENTED_EDGE('',*,*,#913,.F.);
#1158=ORIENTED_EDGE('',*,*,#914,.T.);
#1159=ORIENTED_EDGE('',*,*,#915,.F.);
#1160=ORIENTED_EDGE('',*,*,#914,.F.);
#1161=ORIENTED_EDGE('',*,*,#916,.F.);
#1162=ORIENTED_EDGE('',*,*,#917,.T.);
#1163=ORIENTED_EDGE('',*,*,#918,.F.);
#1164=ORIENTED_EDGE('',*,*,#919,.F.);
#1165=ORIENTED_EDGE('',*,*,#920,.F.);
#1166=ORIENTED_EDGE('',*,*,#917,.F.);
#1167=ORIENTED_EDGE('',*,*,#921,.F.);
#1168=ORIENTED_EDGE('',*,*,#922,.T.);
#1169=ORIENTED_EDGE('',*,*,#923,.F.);
#1170=ORIENTED_EDGE('',*,*,#922,.F.);
#1171=ORIENTED_EDGE('',*,*,#924,.F.);
#1172=ORIENTED_EDGE('',*,*,#925,.T.);
#1173=ORIENTED_EDGE('',*,*,#926,.F.);
#1174=ORIENTED_EDGE('',*,*,#927,.F.);
#1175=ORIENTED_EDGE('',*,*,#918,.T.);
#1176=ORIENTED_EDGE('',*,*,#920,.T.);
#1177=ORIENTED_EDGE('',*,*,#923,.T.);
#1178=ORIENTED_EDGE('',*,*,#928,.F.);
#1179=ORIENTED_EDGE('',*,*,#929,.F.);
#1180=ORIENTED_EDGE('',*,*,#930,.F.);
#1181=ORIENTED_EDGE('',*,*,#931,.F.);
#1182=ORIENTED_EDGE('',*,*,#932,.F.);
#1183=ORIENTED_EDGE('',*,*,#911,.T.);
#1184=ORIENTED_EDGE('',*,*,#915,.T.);
#1185=ORIENTED_EDGE('',*,*,#933,.T.);
#1186=ORIENTED_EDGE('',*,*,#934,.T.);
#1187=ORIENTED_EDGE('',*,*,#935,.T.);
#1188=ORIENTED_EDGE('',*,*,#936,.T.);
#1189=ORIENTED_EDGE('',*,*,#937,.T.);
#1190=ORIENTED_EDGE('',*,*,#926,.T.);
#1191=ORIENTED_EDGE('',*,*,#938,.T.);
#1192=ORIENTED_EDGE('',*,*,#939,.T.);
#1193=ORIENTED_EDGE('',*,*,#940,.T.);
#1194=ORIENTED_EDGE('',*,*,#941,.T.);
#1195=ORIENTED_EDGE('',*,*,#942,.T.);
#1196=ORIENTED_EDGE('',*,*,#879,.T.);
#1197=ORIENTED_EDGE('',*,*,#943,.T.);
#1198=ORIENTED_EDGE('',*,*,#944,.T.);
#1199=ORIENTED_EDGE('',*,*,#945,.T.);
#1200=ORIENTED_EDGE('',*,*,#946,.T.);
#1201=ORIENTED_EDGE('',*,*,#947,.T.);
#1202=ORIENTED_EDGE('',*,*,#948,.T.);
#1203=ORIENTED_EDGE('',*,*,#949,.T.);
#1204=ORIENTED_EDGE('',*,*,#950,.T.);
#1205=ORIENTED_EDGE('',*,*,#951,.T.);
#1206=ORIENTED_EDGE('',*,*,#952,.T.);
#1207=ORIENTED_EDGE('',*,*,#953,.T.);
#1208=ORIENTED_EDGE('',*,*,#927,.T.);
#1209=ORIENTED_EDGE('',*,*,#937,.F.);
#1210=ORIENTED_EDGE('',*,*,#954,.F.);
#1211=ORIENTED_EDGE('',*,*,#955,.F.);
#1212=ORIENTED_EDGE('',*,*,#928,.T.);
#1213=ORIENTED_EDGE('',*,*,#919,.T.);
#1214=ORIENTED_EDGE('',*,*,#932,.T.);
#1215=ORIENTED_EDGE('',*,*,#956,.F.);
#1216=ORIENTED_EDGE('',*,*,#957,.F.);
#1217=ORIENTED_EDGE('',*,*,#933,.F.);
#1218=ORIENTED_EDGE('',*,*,#875,.F.);
#1219=ORIENTED_EDGE('',*,*,#881,.T.);
#1220=ORIENTED_EDGE('',*,*,#958,.T.);
#1221=ORIENTED_EDGE('',*,*,#959,.T.);
#1222=ORIENTED_EDGE('',*,*,#960,.T.);
#1223=ORIENTED_EDGE('',*,*,#961,.T.);
#1224=ORIENTED_EDGE('',*,*,#962,.T.);
#1225=ORIENTED_EDGE('',*,*,#963,.T.);
#1226=ORIENTED_EDGE('',*,*,#964,.T.);
#1227=ORIENTED_EDGE('',*,*,#965,.T.);
#1228=ORIENTED_EDGE('',*,*,#900,.F.);
#1229=ORIENTED_EDGE('',*,*,#898,.T.);
#1230=ORIENTED_EDGE('',*,*,#896,.F.);
#1231=ORIENTED_EDGE('',*,*,#903,.F.);
#1232=ORIENTED_EDGE('',*,*,#904,.T.);
#1233=ORIENTED_EDGE('',*,*,#966,.F.);
#1234=ORIENTED_EDGE('',*,*,#967,.T.);
#1235=ORIENTED_EDGE('',*,*,#953,.F.);
#1236=ORIENTED_EDGE('',*,*,#967,.F.);
#1237=ORIENTED_EDGE('',*,*,#968,.F.);
#1238=ORIENTED_EDGE('',*,*,#969,.T.);
#1239=ORIENTED_EDGE('',*,*,#952,.F.);
#1240=ORIENTED_EDGE('',*,*,#969,.F.);
#1241=ORIENTED_EDGE('',*,*,#970,.F.);
#1242=ORIENTED_EDGE('',*,*,#968,.T.);
#1243=ORIENTED_EDGE('',*,*,#971,.F.);
#1244=ORIENTED_EDGE('',*,*,#966,.T.);
#1245=ORIENTED_EDGE('',*,*,#972,.F.);
#1246=ORIENTED_EDGE('',*,*,#973,.T.);
#1247=ORIENTED_EDGE('',*,*,#951,.F.);
#1248=ORIENTED_EDGE('',*,*,#973,.F.);
#1249=ORIENTED_EDGE('',*,*,#974,.F.);
#1250=ORIENTED_EDGE('',*,*,#975,.T.);
#1251=ORIENTED_EDGE('',*,*,#976,.T.);
#1252=ORIENTED_EDGE('',*,*,#975,.F.);
#1253=ORIENTED_EDGE('',*,*,#976,.F.);
#1254=ORIENTED_EDGE('',*,*,#977,.T.);
#1255=ORIENTED_EDGE('',*,*,#978,.T.);
#1256=ORIENTED_EDGE('',*,*,#978,.F.);
#1257=ORIENTED_EDGE('',*,*,#979,.T.);
#1258=ORIENTED_EDGE('',*,*,#980,.F.);
#1259=ORIENTED_EDGE('',*,*,#979,.F.);
#1260=ORIENTED_EDGE('',*,*,#981,.T.);
#1261=ORIENTED_EDGE('',*,*,#982,.T.);
#1262=ORIENTED_EDGE('',*,*,#983,.T.);
#1263=ORIENTED_EDGE('',*,*,#984,.T.);
#1264=ORIENTED_EDGE('',*,*,#985,.T.);
#1265=ORIENTED_EDGE('',*,*,#986,.T.);
#1266=ORIENTED_EDGE('',*,*,#987,.T.);
#1267=ORIENTED_EDGE('',*,*,#988,.T.);
#1268=ORIENTED_EDGE('',*,*,#989,.F.);
#1269=ORIENTED_EDGE('',*,*,#990,.T.);
#1270=ORIENTED_EDGE('',*,*,#991,.T.);
#1271=ORIENTED_EDGE('',*,*,#992,.T.);
#1272=ORIENTED_EDGE('',*,*,#993,.T.);
#1273=ORIENTED_EDGE('',*,*,#994,.T.);
#1274=ORIENTED_EDGE('',*,*,#995,.T.);
#1275=ORIENTED_EDGE('',*,*,#996,.T.);
#1276=ORIENTED_EDGE('',*,*,#997,.T.);
#1277=ORIENTED_EDGE('',*,*,#998,.T.);
#1278=ORIENTED_EDGE('',*,*,#999,.T.);
#1279=ORIENTED_EDGE('',*,*,#1000,.T.);
#1280=ORIENTED_EDGE('',*,*,#1001,.T.);
#1281=ORIENTED_EDGE('',*,*,#980,.T.);
#1282=ORIENTED_EDGE('',*,*,#1002,.T.);
#1283=ORIENTED_EDGE('',*,*,#982,.F.);
#1284=ORIENTED_EDGE('',*,*,#1003,.T.);
#1285=ORIENTED_EDGE('',*,*,#1002,.F.);
#1286=ORIENTED_EDGE('',*,*,#1003,.F.);
#1287=ORIENTED_EDGE('',*,*,#913,.T.);
#1288=ORIENTED_EDGE('',*,*,#1004,.F.);
#1289=ORIENTED_EDGE('',*,*,#1005,.F.);
#1290=ORIENTED_EDGE('',*,*,#1006,.F.);
#1291=ORIENTED_EDGE('',*,*,#1007,.F.);
#1292=ORIENTED_EDGE('',*,*,#1008,.F.);
#1293=ORIENTED_EDGE('',*,*,#1009,.F.);
#1294=ORIENTED_EDGE('',*,*,#1010,.F.);
#1295=ORIENTED_EDGE('',*,*,#1011,.F.);
#1296=ORIENTED_EDGE('',*,*,#1012,.F.);
#1297=ORIENTED_EDGE('',*,*,#1013,.F.);
#1298=ORIENTED_EDGE('',*,*,#1014,.F.);
#1299=ORIENTED_EDGE('',*,*,#1015,.F.);
#1300=ORIENTED_EDGE('',*,*,#1016,.F.);
#1301=ORIENTED_EDGE('',*,*,#1017,.F.);
#1302=ORIENTED_EDGE('',*,*,#1018,.F.);
#1303=ORIENTED_EDGE('',*,*,#1019,.F.);
#1304=ORIENTED_EDGE('',*,*,#1020,.F.);
#1305=ORIENTED_EDGE('',*,*,#1021,.F.);
#1306=ORIENTED_EDGE('',*,*,#1022,.F.);
#1307=ORIENTED_EDGE('',*,*,#1023,.F.);
#1308=ORIENTED_EDGE('',*,*,#1024,.F.);
#1309=ORIENTED_EDGE('',*,*,#1025,.F.);
#1310=ORIENTED_EDGE('',*,*,#1026,.T.);
#1311=ORIENTED_EDGE('',*,*,#924,.T.);
#1312=ORIENTED_EDGE('',*,*,#921,.T.);
#1313=ORIENTED_EDGE('',*,*,#916,.T.);
#1314=ORIENTED_EDGE('',*,*,#905,.T.);
#1315=ORIENTED_EDGE('',*,*,#908,.T.);
#1316=ORIENTED_EDGE('',*,*,#972,.T.);
#1317=ORIENTED_EDGE('',*,*,#974,.T.);
#1318=ORIENTED_EDGE('',*,*,#1027,.T.);
#1319=ORIENTED_EDGE('',*,*,#1028,.T.);
#1320=ORIENTED_EDGE('',*,*,#1029,.T.);
#1321=ORIENTED_EDGE('',*,*,#1030,.T.);
#1322=ORIENTED_EDGE('',*,*,#1031,.T.);
#1323=ORIENTED_EDGE('',*,*,#1032,.T.);
#1324=ORIENTED_EDGE('',*,*,#1033,.T.);
#1325=ORIENTED_EDGE('',*,*,#1019,.T.);
#1326=ORIENTED_EDGE('',*,*,#1034,.T.);
#1327=ORIENTED_EDGE('',*,*,#985,.F.);
#1328=ORIENTED_EDGE('',*,*,#1035,.F.);
#1329=ORIENTED_EDGE('',*,*,#1018,.T.);
#1330=ORIENTED_EDGE('',*,*,#1036,.T.);
#1331=ORIENTED_EDGE('',*,*,#986,.F.);
#1332=ORIENTED_EDGE('',*,*,#1034,.F.);
#1333=ORIENTED_EDGE('',*,*,#1017,.T.);
#1334=ORIENTED_EDGE('',*,*,#1037,.T.);
#1335=ORIENTED_EDGE('',*,*,#987,.F.);
#1336=ORIENTED_EDGE('',*,*,#1036,.F.);
#1337=ORIENTED_EDGE('',*,*,#1016,.T.);
#1338=ORIENTED_EDGE('',*,*,#1038,.T.);
#1339=ORIENTED_EDGE('',*,*,#988,.F.);
#1340=ORIENTED_EDGE('',*,*,#1037,.F.);
#1341=ORIENTED_EDGE('',*,*,#1014,.T.);
#1342=ORIENTED_EDGE('',*,*,#1039,.T.);
#1343=ORIENTED_EDGE('',*,*,#990,.F.);
#1344=ORIENTED_EDGE('',*,*,#1040,.F.);
#1345=ORIENTED_EDGE('',*,*,#1013,.T.);
#1346=ORIENTED_EDGE('',*,*,#1041,.T.);
#1347=ORIENTED_EDGE('',*,*,#991,.F.);
#1348=ORIENTED_EDGE('',*,*,#1039,.F.);
#1349=ORIENTED_EDGE('',*,*,#1012,.T.);
#1350=ORIENTED_EDGE('',*,*,#1042,.T.);
#1351=ORIENTED_EDGE('',*,*,#992,.F.);
#1352=ORIENTED_EDGE('',*,*,#1041,.F.);
#1353=ORIENTED_EDGE('',*,*,#1011,.T.);
#1354=ORIENTED_EDGE('',*,*,#1043,.T.);
#1355=ORIENTED_EDGE('',*,*,#993,.F.);
#1356=ORIENTED_EDGE('',*,*,#1042,.F.);
#1357=ORIENTED_EDGE('',*,*,#1010,.T.);
#1358=ORIENTED_EDGE('',*,*,#1044,.T.);
#1359=ORIENTED_EDGE('',*,*,#1045,.F.);
#1360=ORIENTED_EDGE('',*,*,#994,.F.);
#1361=ORIENTED_EDGE('',*,*,#1043,.F.);
#1362=ORIENTED_EDGE('',*,*,#1009,.T.);
#1363=ORIENTED_EDGE('',*,*,#1046,.T.);
#1364=ORIENTED_EDGE('',*,*,#945,.F.);
#1365=ORIENTED_EDGE('',*,*,#1047,.F.);
#1366=ORIENTED_EDGE('',*,*,#1044,.F.);
#1367=ORIENTED_EDGE('',*,*,#1008,.T.);
#1368=ORIENTED_EDGE('',*,*,#1048,.T.);
#1369=ORIENTED_EDGE('',*,*,#946,.F.);
#1370=ORIENTED_EDGE('',*,*,#1046,.F.);
#1371=ORIENTED_EDGE('',*,*,#1007,.T.);
#1372=ORIENTED_EDGE('',*,*,#1049,.T.);
#1373=ORIENTED_EDGE('',*,*,#947,.F.);
#1374=ORIENTED_EDGE('',*,*,#1048,.F.);
#1375=ORIENTED_EDGE('',*,*,#1006,.T.);
#1376=ORIENTED_EDGE('',*,*,#1050,.T.);
#1377=ORIENTED_EDGE('',*,*,#948,.F.);
#1378=ORIENTED_EDGE('',*,*,#1049,.F.);
#1379=ORIENTED_EDGE('',*,*,#1005,.T.);
#1380=ORIENTED_EDGE('',*,*,#1051,.T.);
#1381=ORIENTED_EDGE('',*,*,#949,.F.);
#1382=ORIENTED_EDGE('',*,*,#1050,.F.);
#1383=ORIENTED_EDGE('',*,*,#1004,.T.);
#1384=ORIENTED_EDGE('',*,*,#912,.T.);
#1385=ORIENTED_EDGE('',*,*,#950,.F.);
#1386=ORIENTED_EDGE('',*,*,#1051,.F.);
#1387=ORIENTED_EDGE('',*,*,#1026,.F.);
#1388=ORIENTED_EDGE('',*,*,#1052,.T.);
#1389=ORIENTED_EDGE('',*,*,#938,.F.);
#1390=ORIENTED_EDGE('',*,*,#925,.F.);
#1391=ORIENTED_EDGE('',*,*,#1025,.T.);
#1392=ORIENTED_EDGE('',*,*,#1053,.T.);
#1393=ORIENTED_EDGE('',*,*,#939,.F.);
#1394=ORIENTED_EDGE('',*,*,#1052,.F.);
#1395=ORIENTED_EDGE('',*,*,#1024,.T.);
#1396=ORIENTED_EDGE('',*,*,#1054,.T.);
#1397=ORIENTED_EDGE('',*,*,#940,.F.);
#1398=ORIENTED_EDGE('',*,*,#1053,.F.);
#1399=ORIENTED_EDGE('',*,*,#1023,.T.);
#1400=ORIENTED_EDGE('',*,*,#1055,.T.);
#1401=ORIENTED_EDGE('',*,*,#941,.F.);
#1402=ORIENTED_EDGE('',*,*,#1054,.F.);
#1403=ORIENTED_EDGE('',*,*,#1021,.T.);
#1404=ORIENTED_EDGE('',*,*,#1056,.T.);
#1405=ORIENTED_EDGE('',*,*,#1057,.F.);
#1406=ORIENTED_EDGE('',*,*,#1058,.F.);
#1407=ORIENTED_EDGE('',*,*,#1020,.T.);
#1408=ORIENTED_EDGE('',*,*,#1035,.T.);
#1409=ORIENTED_EDGE('',*,*,#984,.F.);
#1410=ORIENTED_EDGE('',*,*,#1059,.F.);
#1411=ORIENTED_EDGE('',*,*,#1060,.F.);
#1412=ORIENTED_EDGE('',*,*,#1056,.F.);
#1413=ORIENTED_EDGE('',*,*,#1033,.F.);
#1414=ORIENTED_EDGE('',*,*,#1061,.T.);
#1415=ORIENTED_EDGE('',*,*,#971,.T.);
#1416=ORIENTED_EDGE('',*,*,#1061,.F.);
#1417=ORIENTED_EDGE('',*,*,#1030,.F.);
#1418=ORIENTED_EDGE('',*,*,#1062,.T.);
#1419=ORIENTED_EDGE('',*,*,#970,.T.);
#1420=ORIENTED_EDGE('',*,*,#1062,.F.);
#1421=ORIENTED_EDGE('',*,*,#1029,.F.);
#1422=ORIENTED_EDGE('',*,*,#1063,.T.);
#1423=ORIENTED_EDGE('',*,*,#1064,.F.);
#1424=ORIENTED_EDGE('',*,*,#1063,.F.);
#1425=ORIENTED_EDGE('',*,*,#1028,.F.);
#1426=ORIENTED_EDGE('',*,*,#1065,.T.);
#1427=ORIENTED_EDGE('',*,*,#1066,.F.);
#1428=ORIENTED_EDGE('',*,*,#1065,.F.);
#1429=ORIENTED_EDGE('',*,*,#1067,.F.);
#1430=ORIENTED_EDGE('',*,*,#1027,.F.);
#1431=ORIENTED_EDGE('',*,*,#1068,.T.);
#1432=ORIENTED_EDGE('',*,*,#1067,.T.);
#1433=ORIENTED_EDGE('',*,*,#1068,.F.);
#1434=ORIENTED_EDGE('',*,*,#964,.F.);
#1435=ORIENTED_EDGE('',*,*,#1069,.T.);
#1436=ORIENTED_EDGE('',*,*,#999,.F.);
#1437=ORIENTED_EDGE('',*,*,#1070,.F.);
#1438=ORIENTED_EDGE('',*,*,#963,.F.);
#1439=ORIENTED_EDGE('',*,*,#1071,.T.);
#1440=ORIENTED_EDGE('',*,*,#1000,.F.);
#1441=ORIENTED_EDGE('',*,*,#1069,.F.);
#1442=ORIENTED_EDGE('',*,*,#962,.F.);
#1443=ORIENTED_EDGE('',*,*,#1072,.T.);
#1444=ORIENTED_EDGE('',*,*,#1001,.F.);
#1445=ORIENTED_EDGE('',*,*,#1071,.F.);
#1446=ORIENTED_EDGE('',*,*,#1059,.T.);
#1447=ORIENTED_EDGE('',*,*,#1073,.T.);
#1448=ORIENTED_EDGE('',*,*,#1074,.T.);
#1449=ORIENTED_EDGE('',*,*,#1075,.T.);
#1450=ORIENTED_EDGE('',*,*,#1064,.T.);
#1451=ORIENTED_EDGE('',*,*,#1066,.T.);
#1452=ORIENTED_EDGE('',*,*,#893,.F.);
#1453=ORIENTED_EDGE('',*,*,#1076,.T.);
#1454=ORIENTED_EDGE('',*,*,#1077,.F.);
#1455=ORIENTED_EDGE('',*,*,#944,.F.);
#1456=ORIENTED_EDGE('',*,*,#1078,.F.);
#1457=ORIENTED_EDGE('',*,*,#1078,.T.);
#1458=ORIENTED_EDGE('',*,*,#943,.F.);
#1459=ORIENTED_EDGE('',*,*,#878,.T.);
#1460=ORIENTED_EDGE('',*,*,#894,.F.);
#1461=ORIENTED_EDGE('',*,*,#1079,.F.);
#1462=ORIENTED_EDGE('',*,*,#958,.F.);
#1463=ORIENTED_EDGE('',*,*,#880,.F.);
#1464=ORIENTED_EDGE('',*,*,#942,.F.);
#1465=ORIENTED_EDGE('',*,*,#1055,.F.);
#1466=ORIENTED_EDGE('',*,*,#1022,.T.);
#1467=ORIENTED_EDGE('',*,*,#1058,.T.);
#1468=ORIENTED_EDGE('',*,*,#1080,.F.);
#1469=ORIENTED_EDGE('',*,*,#1081,.T.);
#1470=ORIENTED_EDGE('',*,*,#1080,.T.);
#1471=ORIENTED_EDGE('',*,*,#1057,.T.);
#1472=ORIENTED_EDGE('',*,*,#1060,.T.);
#1473=ORIENTED_EDGE('',*,*,#901,.F.);
#1474=ORIENTED_EDGE('',*,*,#965,.F.);
#1475=ORIENTED_EDGE('',*,*,#1070,.T.);
#1476=ORIENTED_EDGE('',*,*,#998,.F.);
#1477=ORIENTED_EDGE('',*,*,#1082,.F.);
#1478=ORIENTED_EDGE('',*,*,#887,.F.);
#1479=ORIENTED_EDGE('',*,*,#892,.F.);
#1480=ORIENTED_EDGE('',*,*,#1083,.T.);
#1481=ORIENTED_EDGE('',*,*,#1084,.F.);
#1482=ORIENTED_EDGE('',*,*,#1076,.F.);
#1483=ORIENTED_EDGE('',*,*,#1085,.T.);
#1484=ORIENTED_EDGE('',*,*,#1086,.T.);
#1485=ORIENTED_EDGE('',*,*,#1045,.T.);
#1486=ORIENTED_EDGE('',*,*,#1047,.T.);
#1487=ORIENTED_EDGE('',*,*,#1077,.T.);
#1488=ORIENTED_EDGE('',*,*,#1084,.T.);
#1489=ORIENTED_EDGE('',*,*,#961,.F.);
#1490=ORIENTED_EDGE('',*,*,#1087,.T.);
#1491=ORIENTED_EDGE('',*,*,#1073,.F.);
#1492=ORIENTED_EDGE('',*,*,#983,.F.);
#1493=ORIENTED_EDGE('',*,*,#1072,.F.);
#1494=ORIENTED_EDGE('',*,*,#960,.F.);
#1495=ORIENTED_EDGE('',*,*,#1088,.T.);
#1496=ORIENTED_EDGE('',*,*,#1074,.F.);
#1497=ORIENTED_EDGE('',*,*,#1087,.F.);
#1498=ORIENTED_EDGE('',*,*,#1031,.F.);
#1499=ORIENTED_EDGE('',*,*,#1089,.T.);
#1500=ORIENTED_EDGE('',*,*,#981,.F.);
#1501=ORIENTED_EDGE('',*,*,#1089,.F.);
#1502=ORIENTED_EDGE('',*,*,#1032,.F.);
#1503=ORIENTED_EDGE('',*,*,#1090,.T.);
#1504=ORIENTED_EDGE('',*,*,#977,.F.);
#1505=ORIENTED_EDGE('',*,*,#1090,.F.);
#1506=ORIENTED_EDGE('',*,*,#989,.T.);
#1507=ORIENTED_EDGE('',*,*,#1038,.F.);
#1508=ORIENTED_EDGE('',*,*,#1015,.T.);
#1509=ORIENTED_EDGE('',*,*,#1040,.T.);
#1510=ORIENTED_EDGE('',*,*,#959,.F.);
#1511=ORIENTED_EDGE('',*,*,#1079,.T.);
#1512=ORIENTED_EDGE('',*,*,#1081,.F.);
#1513=ORIENTED_EDGE('',*,*,#1075,.F.);
#1514=ORIENTED_EDGE('',*,*,#1088,.F.);
#1515=ORIENTED_EDGE('',*,*,#888,.F.);
#1516=ORIENTED_EDGE('',*,*,#1082,.T.);
#1517=ORIENTED_EDGE('',*,*,#997,.F.);
#1518=ORIENTED_EDGE('',*,*,#1091,.F.);
#1519=ORIENTED_EDGE('',*,*,#889,.F.);
#1520=ORIENTED_EDGE('',*,*,#1091,.T.);
#1521=ORIENTED_EDGE('',*,*,#996,.F.);
#1522=ORIENTED_EDGE('',*,*,#1092,.F.);
#1523=ORIENTED_EDGE('',*,*,#890,.F.);
#1524=ORIENTED_EDGE('',*,*,#1092,.T.);
#1525=ORIENTED_EDGE('',*,*,#995,.F.);
#1526=ORIENTED_EDGE('',*,*,#1086,.F.);
#1527=ORIENTED_EDGE('',*,*,#1093,.F.);
#1528=ORIENTED_EDGE('',*,*,#891,.F.);
#1529=ORIENTED_EDGE('',*,*,#1093,.T.);
#1530=ORIENTED_EDGE('',*,*,#1085,.F.);
#1531=ORIENTED_EDGE('',*,*,#1083,.F.);
#1532=ORIENTED_EDGE('',*,*,#1094,.F.);
#1533=ORIENTED_EDGE('',*,*,#1095,.F.);
#1534=ORIENTED_EDGE('',*,*,#934,.F.);
#1535=ORIENTED_EDGE('',*,*,#957,.T.);
#1536=ORIENTED_EDGE('',*,*,#1096,.F.);
#1537=ORIENTED_EDGE('',*,*,#1097,.T.);
#1538=ORIENTED_EDGE('',*,*,#935,.F.);
#1539=ORIENTED_EDGE('',*,*,#1095,.T.);
#1540=ORIENTED_EDGE('',*,*,#1098,.F.);
#1541=ORIENTED_EDGE('',*,*,#930,.T.);
#1542=ORIENTED_EDGE('',*,*,#1099,.F.);
#1543=ORIENTED_EDGE('',*,*,#954,.T.);
#1544=ORIENTED_EDGE('',*,*,#936,.F.);
#1545=ORIENTED_EDGE('',*,*,#1097,.F.);
#1546=ORIENTED_EDGE('',*,*,#1099,.T.);
#1547=ORIENTED_EDGE('',*,*,#1096,.T.);
#1548=ORIENTED_EDGE('',*,*,#929,.T.);
#1549=ORIENTED_EDGE('',*,*,#955,.T.);
#1550=ORIENTED_EDGE('',*,*,#1094,.T.);
#1551=ORIENTED_EDGE('',*,*,#956,.T.);
#1552=ORIENTED_EDGE('',*,*,#931,.T.);
#1553=ORIENTED_EDGE('',*,*,#1098,.T.);
#1554=CONICAL_SURFACE('',#1660,8.385,0.785398163397448);
#1555=CONICAL_SURFACE('',#1665,6.3,0.785398163397448);
#1556=CONICAL_SURFACE('',#1670,6.3,0.785398163397448);
#1557=ADVANCED_FACE('',(#478),#1554,.F.);
#1558=ADVANCED_FACE('',(#479),#410,.T.);
#1559=ADVANCED_FACE('',(#480),#411,.T.);
#1560=ADVANCED_FACE('',(#481),#1555,.F.);
#1561=ADVANCED_FACE('',(#482),#39,.F.);
#1562=ADVANCED_FACE('',(#483),#1556,.F.);
#1563=ADVANCED_FACE('',(#484),#412,.T.);
#1564=ADVANCED_FACE('',(#485),#40,.F.);
#1565=ADVANCED_FACE('',(#486),#41,.F.);
#1566=ADVANCED_FACE('',(#487),#413,.F.);
#1567=ADVANCED_FACE('',(#488),#42,.F.);
#1568=ADVANCED_FACE('',(#489),#414,.F.);
#1569=ADVANCED_FACE('',(#490),#415,.F.);
#1570=ADVANCED_FACE('',(#491),#416,.F.);
#1571=ADVANCED_FACE('',(#492),#417,.F.);
#1572=ADVANCED_FACE('',(#493),#418,.F.);
#1573=ADVANCED_FACE('',(#494),#43,.F.);
#1574=ADVANCED_FACE('',(#495,#17,#18,#19),#419,.T.);
#1575=ADVANCED_FACE('',(#496),#420,.T.);
#1576=ADVANCED_FACE('',(#497),#421,.T.);
#1577=ADVANCED_FACE('',(#498),#422,.T.);
#1578=ADVANCED_FACE('',(#499),#44,.F.);
#1579=ADVANCED_FACE('',(#500),#45,.F.);
#1580=ADVANCED_FACE('',(#501,#20),#423,.F.);
#1581=ADVANCED_FACE('',(#502,#21),#424,.F.);
#1582=ADVANCED_FACE('',(#503),#16,.T.);
#1583=ADVANCED_FACE('',(#504),#46,.F.);
#1584=ADVANCED_FACE('',(#505),#425,.F.);
#1585=ADVANCED_FACE('',(#506,#22),#426,.F.);
#1586=ADVANCED_FACE('',(#507),#47,.F.);
#1587=ADVANCED_FACE('',(#508,#23),#427,.F.);
#1588=ADVANCED_FACE('',(#509,#24,#25),#428,.T.);
#1589=ADVANCED_FACE('',(#510),#48,.F.);
#1590=ADVANCED_FACE('',(#511,#26,#27,#28,#29,#30,#31,#32,#33,#34,#35,#36),
#429,.F.);
#1591=ADVANCED_FACE('',(#512),#430,.T.);
#1592=ADVANCED_FACE('',(#513),#431,.T.);
#1593=ADVANCED_FACE('',(#514),#432,.T.);
#1594=ADVANCED_FACE('',(#515),#433,.T.);
#1595=ADVANCED_FACE('',(#516),#434,.T.);
#1596=ADVANCED_FACE('',(#517),#435,.T.);
#1597=ADVANCED_FACE('',(#518),#436,.T.);
#1598=ADVANCED_FACE('',(#519),#437,.T.);
#1599=ADVANCED_FACE('',(#520),#438,.T.);
#1600=ADVANCED_FACE('',(#521),#439,.T.);
#1601=ADVANCED_FACE('',(#522),#440,.T.);
#1602=ADVANCED_FACE('',(#523),#441,.T.);
#1603=ADVANCED_FACE('',(#524),#442,.T.);
#1604=ADVANCED_FACE('',(#525),#443,.T.);
#1605=ADVANCED_FACE('',(#526),#444,.T.);
#1606=ADVANCED_FACE('',(#527),#445,.T.);
#1607=ADVANCED_FACE('',(#528),#446,.T.);
#1608=ADVANCED_FACE('',(#529),#447,.T.);
#1609=ADVANCED_FACE('',(#530),#448,.T.);
#1610=ADVANCED_FACE('',(#531),#449,.T.);
#1611=ADVANCED_FACE('',(#532),#450,.T.);
#1612=ADVANCED_FACE('',(#533),#49,.F.);
#1613=ADVANCED_FACE('',(#534),#50,.F.);
#1614=ADVANCED_FACE('',(#535),#51,.F.);
#1615=ADVANCED_FACE('',(#536),#52,.F.);
#1616=ADVANCED_FACE('',(#537),#451,.F.);
#1617=ADVANCED_FACE('',(#538),#53,.F.);
#1618=ADVANCED_FACE('',(#539),#452,.T.);
#1619=ADVANCED_FACE('',(#540),#453,.T.);
#1620=ADVANCED_FACE('',(#541),#454,.T.);
#1621=ADVANCED_FACE('',(#542),#455,.T.);
#1622=ADVANCED_FACE('',(#543),#456,.T.);
#1623=ADVANCED_FACE('',(#544),#457,.T.);
#1624=ADVANCED_FACE('',(#545),#458,.T.);
#1625=ADVANCED_FACE('',(#546),#459,.T.);
#1626=ADVANCED_FACE('',(#547),#460,.T.);
#1627=ADVANCED_FACE('',(#548),#461,.T.);
#1628=ADVANCED_FACE('',(#549),#462,.T.);
#1629=ADVANCED_FACE('',(#550),#463,.T.);
#1630=ADVANCED_FACE('',(#551),#464,.T.);
#1631=ADVANCED_FACE('',(#552),#465,.T.);
#1632=ADVANCED_FACE('',(#553),#466,.T.);
#1633=ADVANCED_FACE('',(#554),#54,.F.);
#1634=ADVANCED_FACE('',(#555),#55,.F.);
#1635=ADVANCED_FACE('',(#556),#467,.T.);
#1636=ADVANCED_FACE('',(#557),#468,.T.);
#1637=ADVANCED_FACE('',(#558),#469,.T.);
#1638=ADVANCED_FACE('',(#559),#470,.T.);
#1639=ADVANCED_FACE('',(#560),#471,.T.);
#1640=ADVANCED_FACE('',(#561),#472,.T.);
#1641=ADVANCED_FACE('',(#562),#473,.T.);
#1642=ADVANCED_FACE('',(#563),#474,.T.);
#1643=ADVANCED_FACE('',(#564),#475,.T.);
#1644=ADVANCED_FACE('',(#565),#476,.T.);
#1645=ADVANCED_FACE('',(#566),#477,.T.);
#1646=CLOSED_SHELL('',(#1557,#1558,#1559,#1560,#1561,#1562,#1563,#1564,
#1565,#1566,#1567,#1568,#1569,#1570,#1571,#1572,#1573,#1574,#1575,#1576,
#1577,#1578,#1579,#1580,#1581,#1582,#1583,#1584,#1585,#1586,#1587,#1588,
#1589,#1590,#1591,#1592,#1593,#1594,#1595,#1596,#1597,#1598,#1599,#1600,
#1601,#1602,#1603,#1604,#1605,#1606,#1607,#1608,#1609,#1610,#1611,#1612,
#1613,#1614,#1615,#1616,#1617,#1618,#1619,#1620,#1621,#1622,#1623,#1624,
#1625,#1626,#1627,#1628,#1629,#1630,#1631,#1632,#1633,#1634,#1635,#1636,
#1637,#1638,#1639,#1640,#1641,#1642,#1643,#1644,#1645));
#1647=DERIVED_UNIT_ELEMENT(#1649,1.);
#1648=DERIVED_UNIT_ELEMENT(#2734,-3.);
#1649=(
MASS_UNIT()
NAMED_UNIT(*)
SI_UNIT(.KILO.,.GRAM.)
);
#1650=DERIVED_UNIT((#1647,#1648));
#1651=MEASURE_REPRESENTATION_ITEM('density measure',
POSITIVE_RATIO_MEASURE(7850.),#1650);
#1652=PROPERTY_DEFINITION_REPRESENTATION(#1657,#1654);
#1653=PROPERTY_DEFINITION_REPRESENTATION(#1658,#1655);
#1654=REPRESENTATION('material name',(#1656),#2731);
#1655=REPRESENTATION('density',(#1651),#2731);
#1656=DESCRIPTIVE_REPRESENTATION_ITEM('Steel','Steel');
#1657=PROPERTY_DEFINITION('material property','material name',#2741);
#1658=PROPERTY_DEFINITION('material property','density of part',#2741);
#1659=AXIS2_PLACEMENT_3D('',#2232,#1791,#1792);
#1660=AXIS2_PLACEMENT_3D('',#2233,#1793,#1794);
#1661=AXIS2_PLACEMENT_3D('',#2240,#1795,#1796);
#1662=AXIS2_PLACEMENT_3D('',#2245,#1797,#1798);
#1663=AXIS2_PLACEMENT_3D('',#2246,#1799,#1800);
#1664=AXIS2_PLACEMENT_3D('',#2256,#1806,#1807);
#1665=AXIS2_PLACEMENT_3D('',#2286,#1819,#1820);
#1666=AXIS2_PLACEMENT_3D('',#2288,#1821,#1822);
#1667=AXIS2_PLACEMENT_3D('',#2293,#1823,#1824);
#1668=AXIS2_PLACEMENT_3D('',#2294,#1825,#1826);
#1669=AXIS2_PLACEMENT_3D('',#2297,#1828,#1829);
#1670=AXIS2_PLACEMENT_3D('',#2298,#1830,#1831);
#1671=AXIS2_PLACEMENT_3D('',#2303,#1832,#1833);
#1672=AXIS2_PLACEMENT_3D('',#2304,#1834,#1835);
#1673=AXIS2_PLACEMENT_3D('',#2306,#1836,#1837);
#1674=AXIS2_PLACEMENT_3D('',#2308,#1839,#1840);
#1675=AXIS2_PLACEMENT_3D('',#2310,#1842,#1843);
#1676=AXIS2_PLACEMENT_3D('',#2312,#1844,#1845);
#1677=AXIS2_PLACEMENT_3D('',#2315,#1847,#1848);
#1678=AXIS2_PLACEMENT_3D('',#2316,#1849,#1850);
#1679=AXIS2_PLACEMENT_3D('',#2317,#1851,#1852);
#1680=AXIS2_PLACEMENT_3D('',#2319,#1853,#1854);
#1681=AXIS2_PLACEMENT_3D('',#2322,#1856,#1857);
#1682=AXIS2_PLACEMENT_3D('',#2323,#1858,#1859);
#1683=AXIS2_PLACEMENT_3D('',#2324,#1860,#1861);
#1684=AXIS2_PLACEMENT_3D('',#2333,#1866,#1867);
#1685=AXIS2_PLACEMENT_3D('',#2341,#1871,#1872);
#1686=AXIS2_PLACEMENT_3D('',#2343,#1874,#1875);
#1687=AXIS2_PLACEMENT_3D('',#2345,#1876,#1877);
#1688=AXIS2_PLACEMENT_3D('',#2349,#1880,#1881);
#1689=AXIS2_PLACEMENT_3D('',#2351,#1882,#1883);
#1690=AXIS2_PLACEMENT_3D('',#2359,#1888,#1889);
#1691=AXIS2_PLACEMENT_3D('',#2361,#1890,#1891);
#1692=AXIS2_PLACEMENT_3D('',#2365,#1893,#1894);
#1693=AXIS2_PLACEMENT_3D('',#2368,#1896,#1897);
#1694=AXIS2_PLACEMENT_3D('',#2369,#1898,#1899);
#1695=AXIS2_PLACEMENT_3D('',#2404,#1918,#1919);
#1696=AXIS2_PLACEMENT_3D('',#2406,#1920,#1921);
#1697=AXIS2_PLACEMENT_3D('',#2408,#1922,#1923);
#1698=AXIS2_PLACEMENT_3D('',#2409,#1924,#1925);
#1699=AXIS2_PLACEMENT_3D('',#2413,#1928,#1929);
#1700=AXIS2_PLACEMENT_3D('',#2417,#1932,#1933);
#1701=AXIS2_PLACEMENT_3D('',#2433,#1942,#1943);
#1702=AXIS2_PLACEMENT_3D('',#2435,#1944,#1945);
#1703=AXIS2_PLACEMENT_3D('',#2437,#1947,#1948);
#1704=AXIS2_PLACEMENT_3D('',#2439,#1949,#1950);
#1705=AXIS2_PLACEMENT_3D('',#2441,#1952,#1953);
#1706=AXIS2_PLACEMENT_3D('',#2443,#1954,#1955);
#1707=AXIS2_PLACEMENT_3D('',#2444,#1956,#1957);
#1708=AXIS2_PLACEMENT_3D('',#2446,#1958,#1959);
#1709=AXIS2_PLACEMENT_3D('',#2466,#1960,#1961);
#1710=AXIS2_PLACEMENT_3D('',#2469,#1962,#1963);
#1711=AXIS2_PLACEMENT_3D('',#2471,#1964,#1965);
#1712=AXIS2_PLACEMENT_3D('',#2474,#1967,#1968);
#1713=AXIS2_PLACEMENT_3D('',#2475,#1969,#1970);
#1714=AXIS2_PLACEMENT_3D('',#2476,#1971,#1972);
#1715=AXIS2_PLACEMENT_3D('',#2478,#1973,#1974);
#1716=AXIS2_PLACEMENT_3D('',#2480,#1975,#1976);
#1717=AXIS2_PLACEMENT_3D('',#2481,#1977,#1978);
#1718=AXIS2_PLACEMENT_3D('',#2484,#1980,#1981);
#1719=AXIS2_PLACEMENT_3D('',#2485,#1982,#1983);
#1720=AXIS2_PLACEMENT_3D('',#2487,#1984,#1985);
#1721=AXIS2_PLACEMENT_3D('',#2489,#1986,#1987);
#1722=AXIS2_PLACEMENT_3D('',#2490,#1988,#1989);
#1723=AXIS2_PLACEMENT_3D('',#2530,#2009,#2010);
#1724=AXIS2_PLACEMENT_3D('',#2531,#2011,#2012);
#1725=AXIS2_PLACEMENT_3D('',#2533,#2014,#2015);
#1726=AXIS2_PLACEMENT_3D('',#2580,#2039,#2040);
#1727=AXIS2_PLACEMENT_3D('',#2582,#2041,#2042);
#1728=AXIS2_PLACEMENT_3D('',#2584,#2043,#2044);
#1729=AXIS2_PLACEMENT_3D('',#2586,#2045,#2046);
#1730=AXIS2_PLACEMENT_3D('',#2588,#2047,#2048);
#1731=AXIS2_PLACEMENT_3D('',#2590,#2049,#2050);
#1732=AXIS2_PLACEMENT_3D('',#2592,#2051,#2052);
#1733=AXIS2_PLACEMENT_3D('',#2593,#2053,#2054);
#1734=AXIS2_PLACEMENT_3D('',#2596,#2057,#2058);
#1735=AXIS2_PLACEMENT_3D('',#2598,#2060,#2061);
#1736=AXIS2_PLACEMENT_3D('',#2600,#2063,#2064);
#1737=AXIS2_PLACEMENT_3D('',#2602,#2066,#2067);
#1738=AXIS2_PLACEMENT_3D('',#2605,#2070,#2071);
#1739=AXIS2_PLACEMENT_3D('',#2607,#2073,#2074);
#1740=AXIS2_PLACEMENT_3D('',#2609,#2076,#2077);
#1741=AXIS2_PLACEMENT_3D('',#2611,#2079,#2080);
#1742=AXIS2_PLACEMENT_3D('',#2615,#2083,#2084);
#1743=AXIS2_PLACEMENT_3D('',#2618,#2087,#2088);
#1744=AXIS2_PLACEMENT_3D('',#2620,#2090,#2091);
#1745=AXIS2_PLACEMENT_3D('',#2622,#2093,#2094);
#1746=AXIS2_PLACEMENT_3D('',#2624,#2096,#2097);
#1747=AXIS2_PLACEMENT_3D('',#2626,#2099,#2100);
#1748=AXIS2_PLACEMENT_3D('',#2627,#2101,#2102);
#1749=AXIS2_PLACEMENT_3D('',#2629,#2104,#2105);
#1750=AXIS2_PLACEMENT_3D('',#2631,#2107,#2108);
#1751=AXIS2_PLACEMENT_3D('',#2633,#2110,#2111);
#1752=AXIS2_PLACEMENT_3D('',#2635,#2113,#2114);
#1753=AXIS2_PLACEMENT_3D('',#2641,#2118,#2119);
#1754=AXIS2_PLACEMENT_3D('',#2645,#2122,#2123);
#1755=AXIS2_PLACEMENT_3D('',#2647,#2125,#2126);
#1756=AXIS2_PLACEMENT_3D('',#2649,#2128,#2129);
#1757=AXIS2_PLACEMENT_3D('',#2652,#2131,#2132);
#1758=AXIS2_PLACEMENT_3D('',#2653,#2133,#2134);
#1759=AXIS2_PLACEMENT_3D('',#2656,#2136,#2137);
#1760=AXIS2_PLACEMENT_3D('',#2657,#2138,#2139);
#1761=AXIS2_PLACEMENT_3D('',#2659,#2140,#2141);
#1762=AXIS2_PLACEMENT_3D('',#2660,#2142,#2143);
#1763=AXIS2_PLACEMENT_3D('',#2662,#2145,#2146);
#1764=AXIS2_PLACEMENT_3D('',#2665,#2149,#2150);
#1765=AXIS2_PLACEMENT_3D('',#2667,#2152,#2153);
#1766=AXIS2_PLACEMENT_3D('',#2669,#2155,#2156);
#1767=AXIS2_PLACEMENT_3D('',#2675,#2160,#2161);
#1768=AXIS2_PLACEMENT_3D('',#2676,#2162,#2163);
#1769=AXIS2_PLACEMENT_3D('',#2677,#2164,#2165);
#1770=AXIS2_PLACEMENT_3D('',#2682,#2169,#2170);
#1771=AXIS2_PLACEMENT_3D('',#2683,#2171,#2172);
#1772=AXIS2_PLACEMENT_3D('',#2687,#2175,#2176);
#1773=AXIS2_PLACEMENT_3D('',#2689,#2178,#2179);
#1774=AXIS2_PLACEMENT_3D('',#2691,#2181,#2182);
#1775=AXIS2_PLACEMENT_3D('',#2695,#2185,#2186);
#1776=AXIS2_PLACEMENT_3D('',#2699,#2189,#2190);
#1777=AXIS2_PLACEMENT_3D('',#2701,#2192,#2193);
#1778=AXIS2_PLACEMENT_3D('',#2703,#2195,#2196);
#1779=AXIS2_PLACEMENT_3D('',#2705,#2198,#2199);
#1780=AXIS2_PLACEMENT_3D('',#2707,#2201,#2202);
#1781=AXIS2_PLACEMENT_3D('',#2708,#2203,#2204);
#1782=AXIS2_PLACEMENT_3D('',#2709,#2205,#2206);
#1783=AXIS2_PLACEMENT_3D('',#2711,#2208,#2209);
#1784=AXIS2_PLACEMENT_3D('',#2713,#2211,#2212);
#1785=AXIS2_PLACEMENT_3D('',#2715,#2214,#2215);
#1786=AXIS2_PLACEMENT_3D('',#2716,#2216,#2217);
#1787=AXIS2_PLACEMENT_3D('',#2720,#2220,#2221);
#1788=AXIS2_PLACEMENT_3D('',#2725,#2225,#2226);
#1789=AXIS2_PLACEMENT_3D('',#2727,#2228,#2229);
#1790=AXIS2_PLACEMENT_3D('',#2728,#2230,#2231);
#1791=DIRECTION('axis',(0.,0.,1.));
#1792=DIRECTION('refdir',(1.,0.,0.));
#1793=DIRECTION('center_axis',(0.,0.,-1.));
#1794=DIRECTION('ref_axis',(1.,0.,0.));
#1795=DIRECTION('center_axis',(0.,0.,-1.));
#1796=DIRECTION('ref_axis',(1.,0.,0.));
#1797=DIRECTION('center_axis',(0.,0.,1.));
#1798=DIRECTION('ref_axis',(1.,0.,0.));
#1799=DIRECTION('center_axis',(0.,0.,-1.));
#1800=DIRECTION('ref_axis',(1.,0.,0.));
#1801=DIRECTION('',(-1.,0.,0.));
#1802=DIRECTION('',(0.,1.,0.));
#1803=DIRECTION('',(1.,0.,0.));
#1804=DIRECTION('',(0.,1.,0.));
#1805=DIRECTION('',(-1.,0.,0.));
#1806=DIRECTION('center_axis',(0.,1.,0.));
#1807=DIRECTION('ref_axis',(0.,0.,1.));
#1808=DIRECTION('',(0.,0.,1.));
#1809=DIRECTION('',(1.,0.,0.));
#1810=DIRECTION('',(0.,0.,-1.));
#1811=DIRECTION('',(1.,0.,0.));
#1812=DIRECTION('',(0.865957778047843,0.,-0.500117112923006));
#1813=DIRECTION('',(0.,0.,-1.));
#1814=DIRECTION('',(0.854888279509623,0.,-0.518812133201486));
#1815=DIRECTION('',(-1.,0.,0.));
#1816=DIRECTION('',(0.,0.,-1.));
#1817=DIRECTION('',(-1.,0.,0.));
#1818=DIRECTION('',(0.,0.,-1.));
#1819=DIRECTION('center_axis',(0.,0.,-1.));
#1820=DIRECTION('ref_axis',(-1.,0.,0.));
#1821=DIRECTION('center_axis',(0.,0.,-1.));
#1822=DIRECTION('ref_axis',(-1.,0.,0.));
#1823=DIRECTION('center_axis',(0.,0.,1.));
#1824=DIRECTION('ref_axis',(-1.,0.,0.));
#1825=DIRECTION('center_axis',(0.,0.,1.));
#1826=DIRECTION('ref_axis',(-1.,0.,0.));
#1827=DIRECTION('',(0.,0.,-1.));
#1828=DIRECTION('center_axis',(0.,0.,-1.));
#1829=DIRECTION('ref_axis',(-1.,0.,0.));
#1830=DIRECTION('center_axis',(0.,0.,1.));
#1831=DIRECTION('ref_axis',(-1.,0.,0.));
#1832=DIRECTION('center_axis',(0.,0.,1.));
#1833=DIRECTION('ref_axis',(-1.,0.,0.));
#1834=DIRECTION('center_axis',(0.,0.,-1.));
#1835=DIRECTION('ref_axis',(-1.,0.,0.));
#1836=DIRECTION('center_axis',(0.,0.,1.));
#1837=DIRECTION('ref_axis',(1.,0.,0.));
#1838=DIRECTION('',(1.,0.,0.));
#1839=DIRECTION('center_axis',(0.,0.,-1.));
#1840=DIRECTION('ref_axis',(1.,0.,0.));
#1841=DIRECTION('',(0.,0.,-1.));
#1842=DIRECTION('center_axis',(6.06593783543324E-101,1.,3.29856196368162E-71));
#1843=DIRECTION('ref_axis',(-1.83896434331731E-30,3.29856196368162E-71,
-1.));
#1844=DIRECTION('center_axis',(0.,1.,0.));
#1845=DIRECTION('ref_axis',(-1.83896434331731E-30,3.29856196368162E-71,
-1.));
#1846=DIRECTION('',(6.06593783543324E-101,1.,3.29856196368162E-71));
#1847=DIRECTION('center_axis',(6.06593783543324E-101,1.,3.29856196368162E-71));
#1848=DIRECTION('ref_axis',(-1.83896434331731E-30,3.29856196368162E-71,
-1.));
#1849=DIRECTION('center_axis',(6.06593783543324E-101,1.,3.29856196368162E-71));
#1850=DIRECTION('ref_axis',(-1.83896434331731E-30,3.29856196368162E-71,
-1.));
#1851=DIRECTION('center_axis',(6.06593783543324E-101,1.,3.29856196368162E-71));
#1852=DIRECTION('ref_axis',(-1.83896434331731E-30,3.29856196368162E-71,
-1.));
#1853=DIRECTION('center_axis',(0.,1.,0.));
#1854=DIRECTION('ref_axis',(-1.83896434331731E-30,3.29856196368162E-71,
-1.));
#1855=DIRECTION('',(6.06593783543324E-101,1.,3.29856196368162E-71));
#1856=DIRECTION('center_axis',(6.06593783543324E-101,1.,3.29856196368162E-71));
#1857=DIRECTION('ref_axis',(-1.83896434331731E-30,3.29856196368162E-71,
-1.));
#1858=DIRECTION('center_axis',(6.06593783543324E-101,1.,3.29856196368162E-71));
#1859=DIRECTION('ref_axis',(-1.83896434331731E-30,3.29856196368162E-71,
-1.));
#1860=DIRECTION('center_axis',(-0.501603354660366,0.,0.865097725458499));
#1861=DIRECTION('ref_axis',(0.865097725458499,0.,0.501603354660366));
#1862=DIRECTION('',(-0.865097725458499,0.,-0.501603354660366));
#1863=DIRECTION('',(0.,1.,0.));
#1864=DIRECTION('',(0.865097725458499,0.,0.501603354660366));
#1865=DIRECTION('',(0.,1.,0.));
#1866=DIRECTION('center_axis',(0.500000000002296,0.,0.866025403783113));
#1867=DIRECTION('ref_axis',(0.866025403783113,0.,-0.500000000002296));
#1868=DIRECTION('',(-0.866025403783113,0.,0.500000000002296));
#1869=DIRECTION('',(0.866025403783113,0.,-0.500000000002296));
#1870=DIRECTION('',(0.,1.,0.));
#1871=DIRECTION('center_axis',(-0.500000000002296,0.,-0.866025403783113));
#1872=DIRECTION('ref_axis',(0.866025403783113,0.,-0.500000000002297));
#1873=DIRECTION('',(-1.6721414414934E-16,1.,9.65411311375256E-17));
#1874=DIRECTION('center_axis',(0.,0.,1.));
#1875=DIRECTION('ref_axis',(1.,0.,0.));
#1876=DIRECTION('center_axis',(0.,0.,-1.));
#1877=DIRECTION('ref_axis',(1.,0.,0.));
#1878=DIRECTION('',(1.,0.,0.));
#1879=DIRECTION('',(0.,1.,0.));
#1880=DIRECTION('center_axis',(-0.5,0.,0.866025403784439));
#1881=DIRECTION('ref_axis',(0.866025403784439,0.,0.5));
#1882=DIRECTION('center_axis',(0.5,0.,-0.866025403784439));
#1883=DIRECTION('ref_axis',(0.866025403784439,0.,0.5));
#1884=DIRECTION('',(0.866025403784439,0.,0.5));
#1885=DIRECTION('',(0.,1.,0.));
#1886=DIRECTION('',(-0.866025403784439,0.,-0.5));
#1887=DIRECTION('',(-1.67214144150364E-16,-1.,-9.65411311375256E-17));
#1888=DIRECTION('center_axis',(0.,0.,-1.));
#1889=DIRECTION('ref_axis',(1.,0.,0.));
#1890=DIRECTION('center_axis',(9.25185840067954E-17,-9.65411311375256E-17,
1.));
#1891=DIRECTION('ref_axis',(1.,0.,0.));
#1892=DIRECTION('',(0.,0.,-1.));
#1893=DIRECTION('center_axis',(0.,0.,-1.));
#1894=DIRECTION('ref_axis',(1.,0.,0.));
#1895=DIRECTION('',(0.,0.,1.));
#1896=DIRECTION('center_axis',(9.25185840067954E-17,-9.65411311375256E-17,
1.));
#1897=DIRECTION('ref_axis',(1.,0.,0.));
#1898=DIRECTION('center_axis',(0.,1.,0.));
#1899=DIRECTION('ref_axis',(0.,0.,1.));
#1900=DIRECTION('',(1.,0.,-9.25185840067954E-17));
#1901=DIRECTION('',(0.,0.,1.));
#1902=DIRECTION('',(-1.,0.,0.));
#1903=DIRECTION('',(0.,0.,-1.));
#1904=DIRECTION('',(1.,0.,-9.25185840067954E-17));
#1905=DIRECTION('',(-0.870091337009124,0.,0.492890520563821));
#1906=DIRECTION('',(0.,0.,1.));
#1907=DIRECTION('',(0.866978440591475,0.,0.498345646664616));
#1908=DIRECTION('',(1.,0.,0.));
#1909=DIRECTION('',(0.,0.,1.));
#1910=DIRECTION('',(0.,0.,1.));
#1911=DIRECTION('',(1.,0.,0.));
#1912=DIRECTION('',(-0.866978440591475,0.,-0.498345646664616));
#1913=DIRECTION('',(0.,0.,-1.));
#1914=DIRECTION('',(1.,0.,0.));
#1915=DIRECTION('',(0.866025403784439,0.,-0.5));
#1916=DIRECTION('',(0.,0.,-1.));
#1917=DIRECTION('',(-0.866978440591475,0.,-0.498345646664615));
#1918=DIRECTION('center_axis',(0.,-1.,0.));
#1919=DIRECTION('ref_axis',(-0.918669980064447,0.,0.395025907667319));
#1920=DIRECTION('center_axis',(0.,-1.,0.));
#1921=DIRECTION('ref_axis',(0.,0.,-1.));
#1922=DIRECTION('center_axis',(0.,-1.,0.));
#1923=DIRECTION('ref_axis',(0.,0.,-1.));
#1924=DIRECTION('center_axis',(-9.25185840067954E-17,9.65411311375256E-17,
-1.));
#1925=DIRECTION('ref_axis',(1.,0.,-9.25185840067954E-17));
#1926=DIRECTION('',(0.,-1.,-9.65411311375256E-17));
#1927=DIRECTION('',(-1.,0.,9.25185840067954E-17));
#1928=DIRECTION('center_axis',(-9.25185840067954E-17,9.65411311375256E-17,
-1.));
#1929=DIRECTION('ref_axis',(1.,0.,-9.25185840067954E-17));
#1930=DIRECTION('',(-1.,0.,9.25185840067954E-17));
#1931=DIRECTION('',(0.,1.,0.));
#1932=DIRECTION('center_axis',(0.,1.,0.));
#1933=DIRECTION('ref_axis',(0.,0.,1.));
#1934=DIRECTION('',(0.,0.,1.));
#1935=DIRECTION('',(-1.,0.,0.));
#1936=DIRECTION('',(0.,0.,1.));
#1937=DIRECTION('',(1.,0.,0.));
#1938=DIRECTION('',(0.866331205263144,0.,0.499469961846864));
#1939=DIRECTION('',(1.09139766003185E-6,0.,0.999999999999404));
#1940=DIRECTION('',(0.866409306080487,0.,0.499334471408824));
#1941=DIRECTION('',(1.,0.,0.));
#1942=DIRECTION('center_axis',(0.,1.,0.));
#1943=DIRECTION('ref_axis',(0.,0.,-1.));
#1944=DIRECTION('center_axis',(0.,1.,0.));
#1945=DIRECTION('ref_axis',(0.,0.,-1.));
#1946=DIRECTION('',(0.,1.,0.));
#1947=DIRECTION('center_axis',(0.,1.,0.));
#1948=DIRECTION('ref_axis',(0.,0.,-1.));
#1949=DIRECTION('center_axis',(0.,1.,0.));
#1950=DIRECTION('ref_axis',(0.,0.,-1.));
#1951=DIRECTION('',(0.,1.,0.));
#1952=DIRECTION('center_axis',(0.,1.,0.));
#1953=DIRECTION('ref_axis',(-1.,0.,0.));
#1954=DIRECTION('center_axis',(0.,1.,0.));
#1955=DIRECTION('ref_axis',(0.,0.,-1.));
#1956=DIRECTION('center_axis',(0.,1.,0.));
#1957=DIRECTION('ref_axis',(-1.,0.,0.));
#1958=DIRECTION('center_axis',(0.,1.,0.));
#1959=DIRECTION('ref_axis',(0.,0.,-1.));
#1960=DIRECTION('center_axis',(0.,1.,0.));
#1961=DIRECTION('ref_axis',(-0.918669980064447,0.,0.395025907667319));
#1962=DIRECTION('center_axis',(0.,1.,0.));
#1963=DIRECTION('ref_axis',(0.,0.,-1.));
#1964=DIRECTION('center_axis',(0.,1.,0.));
#1965=DIRECTION('ref_axis',(0.,0.,-1.));
#1966=DIRECTION('',(0.,1.,0.));
#1967=DIRECTION('center_axis',(0.,1.,0.));
#1968=DIRECTION('ref_axis',(0.,0.,-1.));
#1969=DIRECTION('center_axis',(0.,1.,0.));
#1970=DIRECTION('ref_axis',(0.,0.,-1.));
#1971=DIRECTION('center_axis',(0.,1.,0.));
#1972=DIRECTION('ref_axis',(-1.,0.,0.));
#1973=DIRECTION('center_axis',(0.,-1.,0.));
#1974=DIRECTION('ref_axis',(-1.,0.,0.));
#1975=DIRECTION('center_axis',(0.,1.,0.));
#1976=DIRECTION('ref_axis',(0.,0.,-1.));
#1977=DIRECTION('center_axis',(0.,1.,0.));
#1978=DIRECTION('ref_axis',(0.,0.,-1.));
#1979=DIRECTION('',(0.,1.,0.));
#1980=DIRECTION('center_axis',(0.,-1.,0.));
#1981=DIRECTION('ref_axis',(0.,0.,-1.));
#1982=DIRECTION('center_axis',(0.,1.,0.));
#1983=DIRECTION('ref_axis',(-1.,0.,0.));
#1984=DIRECTION('center_axis',(0.,-1.,0.));
#1985=DIRECTION('ref_axis',(-1.,0.,0.));
#1986=DIRECTION('center_axis',(0.,1.,0.));
#1987=DIRECTION('ref_axis',(0.,0.,-1.));
#1988=DIRECTION('center_axis',(0.,1.,0.));
#1989=DIRECTION('ref_axis',(-1.,0.,0.));
#1990=DIRECTION('',(-1.,0.,0.));
#1991=DIRECTION('',(0.,0.,1.));
#1992=DIRECTION('',(0.866924438208185,0.,0.498439583537887));
#1993=DIRECTION('',(0.866025403784439,0.,-0.5));
#1994=DIRECTION('',(0.,0.,-1.));
#1995=DIRECTION('',(0.887522110239598,0.,-0.460765128710768));
#1996=DIRECTION('',(-1.,0.,0.));
#1997=DIRECTION('',(0.887922461426283,0.,0.459993154834602));
#1998=DIRECTION('',(0.,0.,1.));
#1999=DIRECTION('',(0.866978440591475,0.,0.498345646664616));
#2000=DIRECTION('',(0.865588637629934,0.,-0.500755739264119));
#2001=DIRECTION('',(0.,0.,-1.));
#2002=DIRECTION('',(-0.854888279509623,0.,0.518812133201486));
#2003=DIRECTION('',(0.,0.,1.));
#2004=DIRECTION('',(-0.865957778047843,0.,0.500117112923006));
#2005=DIRECTION('',(-1.,0.,0.));
#2006=DIRECTION('',(-0.866409306080487,0.,-0.499334471408824));
#2007=DIRECTION('',(-1.09139766003185E-6,0.,-0.999999999999404));
#2008=DIRECTION('',(-0.866331205263144,0.,-0.499469961846864));
#2009=DIRECTION('center_axis',(0.,-1.,0.));
#2010=DIRECTION('ref_axis',(0.,0.,-1.));
#2011=DIRECTION('center_axis',(0.,1.,0.));
#2012=DIRECTION('ref_axis',(0.,0.,-1.));
#2013=DIRECTION('',(0.,1.,0.));
#2014=DIRECTION('center_axis',(0.,1.,0.));
#2015=DIRECTION('ref_axis',(1.,0.,0.));
#2016=DIRECTION('',(-0.866978440591475,0.,-0.498345646664615));
#2017=DIRECTION('',(0.,0.,-1.));
#2018=DIRECTION('',(0.866025403784439,0.,-0.5));
#2019=DIRECTION('',(1.,0.,0.));
#2020=DIRECTION('',(0.,0.,-1.));
#2021=DIRECTION('',(-0.866978440591475,0.,-0.498345646664616));
#2022=DIRECTION('',(0.,0.,-1.));
#2023=DIRECTION('',(0.865588637629934,0.,-0.500755739264119));
#2024=DIRECTION('',(0.866978440591475,0.,0.498345646664616));
#2025=DIRECTION('',(0.,0.,1.));
#2026=DIRECTION('',(0.887922461426283,0.,0.459993154834602));
#2027=DIRECTION('',(1.,0.,0.));
#2028=DIRECTION('',(0.887522110239598,0.,-0.460765128710768));
#2029=DIRECTION('',(0.,0.,-1.));
#2030=DIRECTION('',(0.866025403784439,0.,-0.5));
#2031=DIRECTION('',(0.866924438208185,0.,0.498439583537887));
#2032=DIRECTION('',(0.,0.,1.));
#2033=DIRECTION('',(-0.860370311138724,0.,0.50966942983767));
#2034=DIRECTION('',(0.,0.,1.));
#2035=DIRECTION('',(1.,0.,0.));
#2036=DIRECTION('',(0.866978440591475,0.,0.498345646664616));
#2037=DIRECTION('',(0.,0.,1.));
#2038=DIRECTION('',(0.870091337009124,0.,-0.492890520563821));
#2039=DIRECTION('center_axis',(0.,-1.,0.));
#2040=DIRECTION('ref_axis',(0.,0.,-1.));
#2041=DIRECTION('center_axis',(0.,-1.,0.));
#2042=DIRECTION('ref_axis',(0.,0.,-1.));
#2043=DIRECTION('center_axis',(0.,-1.,0.));
#2044=DIRECTION('ref_axis',(0.,0.,-1.));
#2045=DIRECTION('center_axis',(0.,1.,0.));
#2046=DIRECTION('ref_axis',(0.,0.,-1.));
#2047=DIRECTION('center_axis',(0.,1.,0.));
#2048=DIRECTION('ref_axis',(0.,0.,-1.));
#2049=DIRECTION('center_axis',(0.,1.,0.));
#2050=DIRECTION('ref_axis',(0.,0.,-1.));
#2051=DIRECTION('center_axis',(0.,1.,0.));
#2052=DIRECTION('ref_axis',(0.,0.,-1.));
#2053=DIRECTION('center_axis',(-0.498439583537887,0.,0.866924438208185));
#2054=DIRECTION('ref_axis',(0.866924438208185,0.,0.498439583537887));
#2055=DIRECTION('',(0.,1.,0.));
#2056=DIRECTION('',(0.,1.,0.));
#2057=DIRECTION('center_axis',(0.5,0.,0.866025403784439));
#2058=DIRECTION('ref_axis',(0.866025403784439,0.,-0.5));
#2059=DIRECTION('',(0.,1.,0.));
#2060=DIRECTION('center_axis',(1.,0.,0.));
#2061=DIRECTION('ref_axis',(0.,0.,-1.));
#2062=DIRECTION('',(0.,1.,0.));
#2063=DIRECTION('center_axis',(0.460765128710768,0.,0.887522110239598));
#2064=DIRECTION('ref_axis',(0.887522110239598,0.,-0.460765128710768));
#2065=DIRECTION('',(0.,1.,0.));
#2066=DIRECTION('center_axis',(-0.459993154834602,0.,0.887922461426283));
#2067=DIRECTION('ref_axis',(0.887922461426283,0.,0.459993154834602));
#2068=DIRECTION('',(0.,1.,0.));
#2069=DIRECTION('',(0.,1.,0.));
#2070=DIRECTION('center_axis',(-1.,0.,0.));
#2071=DIRECTION('ref_axis',(0.,0.,1.));
#2072=DIRECTION('',(0.,1.,0.));
#2073=DIRECTION('center_axis',(-0.498345646664616,0.,0.866978440591475));
#2074=DIRECTION('ref_axis',(0.866978440591475,0.,0.498345646664616));
#2075=DIRECTION('',(0.,1.,0.));
#2076=DIRECTION('center_axis',(0.500755739264119,0.,0.865588637629934));
#2077=DIRECTION('ref_axis',(0.865588637629934,0.,-0.500755739264119));
#2078=DIRECTION('',(0.,1.,0.));
#2079=DIRECTION('center_axis',(1.,0.,0.));
#2080=DIRECTION('ref_axis',(0.,0.,-1.));
#2081=DIRECTION('',(0.,1.,0.));
#2082=DIRECTION('',(0.,0.,-1.));
#2083=DIRECTION('center_axis',(0.498345646664616,0.,-0.866978440591475));
#2084=DIRECTION('ref_axis',(-0.866978440591475,0.,-0.498345646664616));
#2085=DIRECTION('',(0.,1.,0.));
#2086=DIRECTION('',(-0.866978440591475,0.,-0.498345646664616));
#2087=DIRECTION('center_axis',(1.,0.,0.));
#2088=DIRECTION('ref_axis',(0.,0.,-1.));
#2089=DIRECTION('',(0.,1.,0.));
#2090=DIRECTION('center_axis',(0.,0.,1.));
#2091=DIRECTION('ref_axis',(1.,0.,0.));
#2092=DIRECTION('',(0.,1.,0.));
#2093=DIRECTION('center_axis',(0.5,0.,0.866025403784439));
#2094=DIRECTION('ref_axis',(0.866025403784439,0.,-0.5));
#2095=DIRECTION('',(0.,1.,0.));
#2096=DIRECTION('center_axis',(1.,0.,0.));
#2097=DIRECTION('ref_axis',(0.,0.,-1.));
#2098=DIRECTION('',(0.,1.,0.));
#2099=DIRECTION('center_axis',(0.498345646664615,0.,-0.866978440591475));
#2100=DIRECTION('ref_axis',(-0.866978440591475,0.,-0.498345646664615));
#2101=DIRECTION('center_axis',(-0.492890520563821,0.,-0.870091337009124));
#2102=DIRECTION('ref_axis',(-0.870091337009124,0.,0.492890520563821));
#2103=DIRECTION('',(0.,1.,0.));
#2104=DIRECTION('center_axis',(-1.,0.,0.));
#2105=DIRECTION('ref_axis',(0.,0.,1.));
#2106=DIRECTION('',(0.,1.,0.));
#2107=DIRECTION('center_axis',(-0.498345646664616,0.,0.866978440591475));
#2108=DIRECTION('ref_axis',(0.866978440591475,0.,0.498345646664616));
#2109=DIRECTION('',(0.,1.,0.));
#2110=DIRECTION('center_axis',(0.,0.,1.));
#2111=DIRECTION('ref_axis',(1.,0.,0.));
#2112=DIRECTION('',(0.,1.,0.));
#2113=DIRECTION('center_axis',(-0.50966942983767,0.,-0.860370311138724));
#2114=DIRECTION('ref_axis',(-0.860370311138724,0.,0.50966942983767));
#2115=DIRECTION('',(0.,1.,0.));
#2116=DIRECTION('',(-0.860370311138724,0.,0.50966942983767));
#2117=DIRECTION('',(0.,1.,0.));
#2118=DIRECTION('center_axis',(-1.,0.,0.));
#2119=DIRECTION('ref_axis',(0.,0.,1.));
#2120=DIRECTION('',(0.,0.,1.));
#2121=DIRECTION('',(0.,0.,1.));
#2122=DIRECTION('center_axis',(0.,1.,0.));
#2123=DIRECTION('ref_axis',(0.,0.,-1.));
#2124=DIRECTION('',(0.,1.,0.));
#2125=DIRECTION('center_axis',(0.,1.,0.));
#2126=DIRECTION('ref_axis',(0.,0.,-1.));
#2127=DIRECTION('',(0.,1.,0.));
#2128=DIRECTION('center_axis',(0.,1.,0.));
#2129=DIRECTION('ref_axis',(0.,0.,-1.));
#2130=DIRECTION('',(0.,1.,0.));
#2131=DIRECTION('center_axis',(0.,1.,0.));
#2132=DIRECTION('ref_axis',(0.,0.,-1.));
#2133=DIRECTION('center_axis',(0.,1.,0.));
#2134=DIRECTION('ref_axis',(0.,0.,-1.));
#2135=DIRECTION('',(0.,1.,0.));
#2136=DIRECTION('center_axis',(0.,1.,0.));
#2137=DIRECTION('ref_axis',(0.,0.,-1.));
#2138=DIRECTION('center_axis',(0.,1.,0.));
#2139=DIRECTION('ref_axis',(0.,0.,-1.));
#2140=DIRECTION('center_axis',(0.,-1.,0.));
#2141=DIRECTION('ref_axis',(0.,0.,-1.));
#2142=DIRECTION('center_axis',(0.,1.,0.));
#2143=DIRECTION('ref_axis',(0.,0.,-1.));
#2144=DIRECTION('',(0.,1.,0.));
#2145=DIRECTION('center_axis',(-0.499334471408824,0.,0.866409306080487));
#2146=DIRECTION('ref_axis',(-0.866409306080487,0.,-0.499334471408824));
#2147=DIRECTION('',(0.,-1.,0.));
#2148=DIRECTION('',(0.,-1.,0.));
#2149=DIRECTION('center_axis',(-0.999999999999404,0.,1.09139766003185E-6));
#2150=DIRECTION('ref_axis',(-1.09139766003185E-6,0.,-0.999999999999404));
#2151=DIRECTION('',(0.,-1.,0.));
#2152=DIRECTION('center_axis',(-0.499469961846864,0.,0.866331205263144));
#2153=DIRECTION('ref_axis',(-0.866331205263144,0.,-0.499469961846864));
#2154=DIRECTION('',(0.,-1.,0.));
#2155=DIRECTION('center_axis',(0.,-1.,0.));
#2156=DIRECTION('ref_axis',(0.,0.,-1.));
#2157=DIRECTION('',(-1.,0.,0.));
#2158=DIRECTION('',(0.,0.,-1.));
#2159=DIRECTION('',(1.,0.,0.));
#2160=DIRECTION('center_axis',(0.,-1.,0.));
#2161=DIRECTION('ref_axis',(0.,0.,-1.));
#2162=DIRECTION('center_axis',(0.,-1.,0.));
#2163=DIRECTION('ref_axis',(0.,0.,-1.));
#2164=DIRECTION('center_axis',(0.,0.,-1.));
#2165=DIRECTION('ref_axis',(1.,0.,0.));
#2166=DIRECTION('',(0.,-1.,0.));
#2167=DIRECTION('',(1.,0.,0.));
#2168=DIRECTION('',(0.,-1.,0.));
#2169=DIRECTION('center_axis',(1.,0.,0.));
#2170=DIRECTION('ref_axis',(0.,0.,1.));
#2171=DIRECTION('center_axis',(-1.,0.,0.));
#2172=DIRECTION('ref_axis',(0.,0.,1.));
#2173=DIRECTION('',(0.,-1.,0.));
#2174=DIRECTION('',(0.,0.,-1.));
#2175=DIRECTION('center_axis',(0.,1.,0.));
#2176=DIRECTION('ref_axis',(0.,0.,1.));
#2177=DIRECTION('',(1.,0.,0.));
#2178=DIRECTION('center_axis',(0.,0.,1.));
#2179=DIRECTION('ref_axis',(-1.,0.,0.));
#2180=DIRECTION('',(0.,-1.,0.));
#2181=DIRECTION('center_axis',(1.,0.,0.));
#2182=DIRECTION('ref_axis',(0.,0.,1.));
#2183=DIRECTION('',(0.,-1.,0.));
#2184=DIRECTION('',(0.,0.,1.));
#2185=DIRECTION('center_axis',(0.,-1.,0.));
#2186=DIRECTION('ref_axis',(0.,0.,-1.));
#2187=DIRECTION('',(1.,0.,0.));
#2188=DIRECTION('',(-0.854888279509623,0.,0.518812133201486));
#2189=DIRECTION('center_axis',(0.,0.,1.));
#2190=DIRECTION('ref_axis',(-1.,0.,0.));
#2191=DIRECTION('',(0.,-1.,0.));
#2192=DIRECTION('center_axis',(-1.,0.,0.));
#2193=DIRECTION('ref_axis',(0.,0.,-1.));
#2194=DIRECTION('',(0.,-1.,0.));
#2195=DIRECTION('center_axis',(0.,1.,0.));
#2196=DIRECTION('ref_axis',(0.,0.,-1.));
#2197=DIRECTION('',(0.,1.,0.));
#2198=DIRECTION('center_axis',(0.,1.,0.));
#2199=DIRECTION('ref_axis',(0.,0.,-1.));
#2200=DIRECTION('',(0.,1.,0.));
#2201=DIRECTION('center_axis',(0.,0.,1.));
#2202=DIRECTION('ref_axis',(1.,0.,0.));
#2203=DIRECTION('center_axis',(0.,0.,-1.));
#2204=DIRECTION('ref_axis',(1.,0.,0.));
#2205=DIRECTION('center_axis',(0.500117112923006,0.,0.865957778047843));
#2206=DIRECTION('ref_axis',(-0.865957778047843,0.,0.500117112923006));
#2207=DIRECTION('',(0.,-1.,0.));
#2208=DIRECTION('center_axis',(1.,0.,0.));
#2209=DIRECTION('ref_axis',(0.,0.,1.));
#2210=DIRECTION('',(0.,-1.,0.));
#2211=DIRECTION('center_axis',(0.518812133201486,0.,0.854888279509623));
#2212=DIRECTION('ref_axis',(-0.854888279509623,0.,0.518812133201486));
#2213=DIRECTION('',(0.,-1.,0.));
#2214=DIRECTION('center_axis',(0.,0.,-1.));
#2215=DIRECTION('ref_axis',(1.,0.,0.));
#2216=DIRECTION('center_axis',(1.,0.,0.));
#2217=DIRECTION('ref_axis',(0.,1.,0.));
#2218=DIRECTION('',(0.,0.,-1.));
#2219=DIRECTION('',(0.,1.,0.));
#2220=DIRECTION('center_axis',(0.,0.,1.));
#2221=DIRECTION('ref_axis',(1.,0.,0.));
#2222=DIRECTION('',(1.,0.,0.));
#2223=DIRECTION('',(0.,-1.,-9.65411311375256E-17));
#2224=DIRECTION('',(1.,0.,0.));
#2225=DIRECTION('center_axis',(-1.,0.,0.));
#2226=DIRECTION('ref_axis',(0.,-1.,-9.65411311375256E-17));
#2227=DIRECTION('',(0.,0.,1.));
#2228=DIRECTION('center_axis',(0.,1.,0.));
#2229=DIRECTION('ref_axis',(0.,0.,1.));
#2230=DIRECTION('center_axis',(0.,1.,0.));
#2231=DIRECTION('ref_axis',(0.,0.,1.));
#2232=CARTESIAN_POINT('',(0.,0.,0.));
#2233=CARTESIAN_POINT('Origin',(-0.0120607849204335,-16.0422978609689,42.7325076717947));
#2234=CARTESIAN_POINT('',(8.06636920658693,-17.0000002533197,42.9825076717947));
#2235=CARTESIAN_POINT('',(8.56966582531922,-17.,42.4825076717947));
#2236=CARTESIAN_POINT('Ctrl Pts',(8.06636920658693,-17.0000002533197,42.9825076717947));
#2237=CARTESIAN_POINT('Ctrl Pts',(8.31051457107009,-17.0000002533197,42.7400600707217));
#2238=CARTESIAN_POINT('Ctrl Pts',(8.56966579704927,-17.0000002533197,42.4825076717947));
#2239=CARTESIAN_POINT('',(-8.59378739516008,-17.,42.4825076717947));
#2240=CARTESIAN_POINT('Origin',(-0.0120607849204335,-16.0422978609689,42.4825076717947));
#2241=CARTESIAN_POINT('',(-8.09049077642779,-17.0000002533197,42.9825076717947));
#2242=CARTESIAN_POINT('Ctrl Pts',(-8.59378736689014,-17.0000002533197,42.4825076717947));
#2243=CARTESIAN_POINT('Ctrl Pts',(-8.33463614097229,-17.0000002533197,42.7400600706608));
#2244=CARTESIAN_POINT('Ctrl Pts',(-8.09049077642779,-17.0000002533197,42.9825076717947));
#2245=CARTESIAN_POINT('Origin',(-0.0120607849204335,-16.0422978609689,42.9825076717947));
#2246=CARTESIAN_POINT('Origin',(-15.0000002235174,-21.,42.4825076717947));
#2247=CARTESIAN_POINT('',(14.3501551769518,-17.,42.4825076717947));
#2248=CARTESIAN_POINT('',(-7.5047153732331,-17.,42.4825076717947));
#2249=CARTESIAN_POINT('',(14.3501551769518,-28.,42.4825076717947));
#2250=CARTESIAN_POINT('',(14.3501551769518,-21.,42.4825076717947));
#2251=CARTESIAN_POINT('',(-15.0000002235174,-28.,42.4825076717947));
#2252=CARTESIAN_POINT('',(-7.51685908673736,-28.,42.4825076717947));
#2253=CARTESIAN_POINT('',(-15.0000002235174,-17.,42.4825076717947));
#2254=CARTESIAN_POINT('',(-15.0000002235174,-21.,42.4825076717947));
#2255=CARTESIAN_POINT('',(-7.5047153732331,-17.,42.4825076717947));
#2256=CARTESIAN_POINT('Origin',(0.00236746780553299,-17.0000002533197,40.4706896217391));
#2257=CARTESIAN_POINT('',(8.06636920658704,-17.0000002533197,48.3000025648624));
#2258=CARTESIAN_POINT('',(8.06636920658693,-17.0000002533197,49.2500025648624));
#2259=CARTESIAN_POINT('',(6.46754615745543,-17.0000002533197,48.3000025648624));
#2260=CARTESIAN_POINT('',(-0.00484665855745026,-17.0000002533197,48.3000025648624));
#2261=CARTESIAN_POINT('',(5.96165716353391,-17.0000002533197,48.8000025648624));
#2262=CARTESIAN_POINT('Ctrl Pts',(5.96165716353391,-17.0000002533197,48.8000025648624));
#2263=CARTESIAN_POINT('Ctrl Pts',(6.20456418045655,-17.0000002533197,48.5601582662184));
#2264=CARTESIAN_POINT('Ctrl Pts',(6.46754615745544,-17.0000002533197,48.3000025648624));
#2265=CARTESIAN_POINT('',(5.96165716353391,-17.0000002533197,53.5000025648624));
#2266=CARTESIAN_POINT('',(5.96165716353391,-17.0000002533197,49.3000025648624));
#2267=CARTESIAN_POINT('',(6.46754615745543,-17.0000002533197,54.0000025648624));
#2268=CARTESIAN_POINT('Ctrl Pts',(6.46754615745544,-17.0000002533197,54.0000025648624));
#2269=CARTESIAN_POINT('Ctrl Pts',(6.20456418045656,-17.0000002533197,53.7398468635064));
#2270=CARTESIAN_POINT('Ctrl Pts',(5.96165716353391,-17.0000002533197,53.5000025648624));
#2271=CARTESIAN_POINT('',(10.2300004858989,-17.0000002533197,54.0000025648624));
#2272=CARTESIAN_POINT('',(5.11618397685223,-17.0000002533197,54.0000025648624));
#2273=CARTESIAN_POINT('',(15.0080639958827,-17.0000002533197,51.2405246912843));
#2274=CARTESIAN_POINT('',(11.7139083035266,-17.0000002533197,53.1430003963862));
#2275=CARTESIAN_POINT('',(15.0080639958827,-17.0000002533197,50.3029977515452));
#2276=CARTESIAN_POINT('',(15.0080639958827,-17.0000002533197,45.3868436866422));
#2277=CARTESIAN_POINT('',(16.3312264505857,-17.0000002533197,49.5000007376075));
#2278=CARTESIAN_POINT('',(12.3667530097533,-17.0000002533197,51.9059489441248));
#2279=CARTESIAN_POINT('',(16.3273049145634,-17.0000002533197,49.5000007376075));
#2280=CARTESIAN_POINT('',(7.17626132237867,-17.0000002533197,49.5000007376075));
#2281=CARTESIAN_POINT('',(16.3273049145634,-17.0000002533197,44.4894760357458));
#2282=CARTESIAN_POINT('',(16.3273049145634,-17.0000002533197,42.4800828287425));
#2283=CARTESIAN_POINT('',(14.3501551769518,-17.0000002533197,44.4894760357458));
#2284=CARTESIAN_POINT('',(7.50118384566148,-17.0000002533197,44.4894760357458));
#2285=CARTESIAN_POINT('',(14.3501551769518,-17.,45.4825076717947));
#2286=CARTESIAN_POINT('Origin',(-0.0120607849204335,-16.0422978609689,48.5500025648624));
#2287=CARTESIAN_POINT('',(-6.4916677272963,-17.0000002533197,48.3000025648624));
#2288=CARTESIAN_POINT('Origin',(-0.0120607849204335,-16.0422978609689,48.3000025648624));
#2289=CARTESIAN_POINT('',(-5.98577873337698,-17.0000002533194,48.8000025648624));
#2290=CARTESIAN_POINT('Ctrl Pts',(-6.4916677272963,-17.0000002533197,48.3000025648624));
#2291=CARTESIAN_POINT('Ctrl Pts',(-6.22868575029911,-17.0000002533194,48.5601582662189));
#2292=CARTESIAN_POINT('Ctrl Pts',(-5.98577873337698,-17.0000002533194,48.8000025648624));
#2293=CARTESIAN_POINT('Origin',(-0.0120607849204335,-16.0422978609689,48.8000025648624));
#2294=CARTESIAN_POINT('Origin',(-0.0120607849204335,-16.0422978609689,49.3000025648624));
#2295=CARTESIAN_POINT('',(-5.98577873337698,-17.0000002533194,53.5000025648624));
#2296=CARTESIAN_POINT('',(-5.98577873337698,-17.0000002533194,49.3000025648624));
#2297=CARTESIAN_POINT('Origin',(-0.0120607849204335,-16.0422978609689,53.5000025648624));
#2298=CARTESIAN_POINT('Origin',(-0.0120607849204335,-16.0422978609689,53.7500025648624));
#2299=CARTESIAN_POINT('',(-6.4916677272963,-17.0000002533197,54.0000025648624));
#2300=CARTESIAN_POINT('Ctrl Pts',(-5.98577873337698,-17.0000002533194,53.5000025648624));
#2301=CARTESIAN_POINT('Ctrl Pts',(-6.22868575029992,-17.0000002533194,53.7398468635067));
#2302=CARTESIAN_POINT('Ctrl Pts',(-6.49166772729631,-17.0000002533197,54.0000025648624));
#2303=CARTESIAN_POINT('Origin',(-0.0120607849204335,-16.0422978609689,54.0000025648624));
#2304=CARTESIAN_POINT('Origin',(-0.0120607849204335,-22.042297860969,48.3000025648624));
#2305=CARTESIAN_POINT('',(-8.09049077642791,-17.0000002533197,48.3000025648624));
#2306=CARTESIAN_POINT('Origin',(-0.0120607849204335,-16.0422978609689,48.3000025648624));
#2307=CARTESIAN_POINT('',(-0.00484665855745026,-17.0000002533197,48.3000025648624));
#2308=CARTESIAN_POINT('Origin',(-0.0120607849204335,-16.0422978609689,49.2500025648624));
#2309=CARTESIAN_POINT('',(-8.09049077642779,-17.0000002533197,49.2500025648624));
#2310=CARTESIAN_POINT('Origin',(-7.75,-32.5,52.1000007897615));
#2311=CARTESIAN_POINT('',(-7.75,-35.,54.4500007897615));
#2312=CARTESIAN_POINT('Origin',(-7.75,-35.,52.1000007897615));
#2313=CARTESIAN_POINT('',(-7.75,-30.,54.4500007897615));
#2314=CARTESIAN_POINT('',(-7.75,-32.5,54.4500007897615));
#2315=CARTESIAN_POINT('Origin',(-7.75,-30.,52.1000007897615));
#2316=CARTESIAN_POINT('Origin',(-7.75,-30.,52.1000007897615));
#2317=CARTESIAN_POINT('Origin',(7.75,-32.5,52.1000007897615));
#2318=CARTESIAN_POINT('',(7.75,-35.,54.4500007897615));
#2319=CARTESIAN_POINT('Origin',(7.75,-35.,52.1000007897615));
#2320=CARTESIAN_POINT('',(7.75,-30.,54.4500007897615));
#2321=CARTESIAN_POINT('',(7.75,-32.5,54.4500007897615));
#2322=CARTESIAN_POINT('Origin',(7.75,-30.,52.1000007897615));
#2323=CARTESIAN_POINT('Origin',(7.75,-30.,52.1000007897615));
#2324=CARTESIAN_POINT('Origin',(11.9930889942824,-35.,19.5216394468168));
#2325=CARTESIAN_POINT('',(16.3214117107128,-28.,22.0312994895172));
#2326=CARTESIAN_POINT('',(11.9930889942824,-28.,19.5216394468168));
#2327=CARTESIAN_POINT('',(12.037966160558,-28.,19.5476602494256));
#2328=CARTESIAN_POINT('',(16.3214117107128,-35.,22.0312994895172));
#2329=CARTESIAN_POINT('',(16.3214117107128,-35.,22.0312994895172));
#2330=CARTESIAN_POINT('',(11.9930889942824,-35.,19.5216394468168));
#2331=CARTESIAN_POINT('',(12.037966160558,-35.,19.5476602494256));
#2332=CARTESIAN_POINT('',(11.9930889942824,-35.,19.5216394468168));
#2333=CARTESIAN_POINT('Origin',(8.59287874045789,-35.,21.4847517521758));
#2334=CARTESIAN_POINT('',(9.43949735265825,-28.,20.995956268518));
#2335=CARTESIAN_POINT('',(1.2473288541208,-28.,25.7257069564243));
#2336=CARTESIAN_POINT('',(8.59287874045789,-35.,21.4847517521758));
#2337=CARTESIAN_POINT('',(1.2473288541208,-35.,25.7257069564243));
#2338=CARTESIAN_POINT('',(8.59287874045789,-23.3674914145411,21.4847517521758));
#2339=CARTESIAN_POINT('',(8.59287874045789,-35.,21.4847517521758));
#2340=CARTESIAN_POINT('',(9.43949735265825,-22.1476448636862,20.995956268518));
#2341=CARTESIAN_POINT('Origin',(0.,-16.5000002458692,26.4458526061233));
#2342=CARTESIAN_POINT('',(9.43949735265825,-25.7500001229346,20.995956268518));
#2343=CARTESIAN_POINT('Origin',(-8.66595761606375,-35.,21.4847517521758));
#2344=CARTESIAN_POINT('',(-8.66595761606375,-23.2750411015826,21.4847517521758));
#2345=CARTESIAN_POINT('Origin',(0.,-16.5000002458692,21.4847517521758));
#2346=CARTESIAN_POINT('',(-8.66595761606375,-35.,21.4847517521758));
#2347=CARTESIAN_POINT('',(-4.34983778301052,-35.,21.4847517521758));
#2348=CARTESIAN_POINT('',(-8.66595761606375,-35.,21.4847517521758));
#2349=CARTESIAN_POINT('Origin',(-12.0144520883941,-35.,19.5514975671959));
#2350=CARTESIAN_POINT('',(-9.51257622826929,-22.0236669176883,20.995956268518));
#2351=CARTESIAN_POINT('Origin',(0.,-16.5000002458692,26.4880447145961));
#2352=CARTESIAN_POINT('',(-12.0144520883941,-35.,19.5514975671959));
#2353=CARTESIAN_POINT('',(-2.99253885001029,-35.,24.7603016039822));
#2354=CARTESIAN_POINT('',(-12.0144520883941,-28.,19.5514975671959));
#2355=CARTESIAN_POINT('',(-12.0144520883941,-35.,19.5514975671959));
#2356=CARTESIAN_POINT('',(-9.51257622826929,-28.,20.995956268518));
#2357=CARTESIAN_POINT('',(-2.99253885001029,-28.,24.7603016039822));
#2358=CARTESIAN_POINT('',(-9.5125762282693,-25.7500001229346,20.995956268518));
#2359=CARTESIAN_POINT('Origin',(0.,-16.5000002458692,19.245956268518));
#2360=CARTESIAN_POINT('',(-10.9886304875789,-17.0000002533197,20.995956268518));
#2361=CARTESIAN_POINT('Origin',(0.,-16.5000002458692,20.995956268518));
#2362=CARTESIAN_POINT('',(-10.9886304875789,-17.0000002533197,23.995956268518));
#2363=CARTESIAN_POINT('',(-10.9886304875789,-17.0000002533197,19.245956268518));
#2364=CARTESIAN_POINT('',(10.9886304875789,-17.0000002533197,23.995956268518));
#2365=CARTESIAN_POINT('Origin',(0.,-16.5000002458692,23.995956268518));
#2366=CARTESIAN_POINT('',(10.9886304875789,-17.0000002533197,20.995956268518));
#2367=CARTESIAN_POINT('',(10.9886304875789,-17.0000002533197,19.245956268518));
#2368=CARTESIAN_POINT('Origin',(0.,-16.5000002458692,20.995956268518));
#2369=CARTESIAN_POINT('Origin',(-0.0337179499572926,-28.,40.4706896217391));
#2370=CARTESIAN_POINT('',(12.0000001788139,-28.0000004172325,20.995956268518));
#2371=CARTESIAN_POINT('',(-0.0168589749786472,-28.,20.995956268518));
#2372=CARTESIAN_POINT('',(12.0000001788139,-28.0000004172325,23.995956268518));
#2373=CARTESIAN_POINT('',(12.0000001788139,-28.,30.7333229451285));
#2374=CARTESIAN_POINT('',(-12.0000001788139,-28.0000004172325,23.995956268518));
#2375=CARTESIAN_POINT('',(-0.0168589749786463,-28.,23.995956268518));
#2376=CARTESIAN_POINT('',(-12.0000001788139,-28.0000004172325,20.995956268518));
#2377=CARTESIAN_POINT('',(-12.0000001788139,-28.,30.7333229451285));
#2378=CARTESIAN_POINT('',(-0.0168589749786472,-28.,20.995956268518));
#2379=CARTESIAN_POINT('',(-22.4104491508969,-28.,25.4406360817002));
#2380=CARTESIAN_POINT('',(-14.12624149272,-28.,20.7477868928629));
#2381=CARTESIAN_POINT('',(-22.4104491508969,-28.,30.5000004544854));
#2382=CARTESIAN_POINT('',(-22.4104491508969,-28.,25.4406360817002));
#2383=CARTESIAN_POINT('',(-18.0336574199499,-28.,33.015812847683));
#2384=CARTESIAN_POINT('',(-22.4104491508969,-28.,30.5000004544854));
#2385=CARTESIAN_POINT('',(-15.0000002235174,-28.,33.015812847683));
#2386=CARTESIAN_POINT('',(-18.0336574199499,-28.,33.015812847683));
#2387=CARTESIAN_POINT('',(-15.0000002235174,-28.,33.015812847683));
#2388=CARTESIAN_POINT('',(14.3501551769518,-28.,44.4894760357458));
#2389=CARTESIAN_POINT('',(14.3501551769518,-28.,42.9765986467669));
#2390=CARTESIAN_POINT('',(16.2692426884679,-28.,44.4894760357458));
#2391=CARTESIAN_POINT('',(7.15821861349726,-28.,44.4894760357458));
#2392=CARTESIAN_POINT('',(15.0467485861132,-28.,43.7867773462998));
#2393=CARTESIAN_POINT('',(16.3214117107128,-28.,44.5194631771894));
#2394=CARTESIAN_POINT('',(15.0467485861132,-28.,33.0000004917383));
#2395=CARTESIAN_POINT('',(15.0467485861132,-28.,43.7867773462998));
#2396=CARTESIAN_POINT('',(18.0000002682209,-28.,33.0000004917383));
#2397=CARTESIAN_POINT('',(15.0467485861132,-28.,33.0000004917383));
#2398=CARTESIAN_POINT('',(22.3430132509823,-28.,30.492560777047));
#2399=CARTESIAN_POINT('',(18.0000002682209,-28.,33.0000004917383));
#2400=CARTESIAN_POINT('',(22.3430132509823,-28.,25.492560777047));
#2401=CARTESIAN_POINT('',(22.3430132509823,-28.,30.492560777047));
#2402=CARTESIAN_POINT('',(22.3430132509823,-28.,25.492560777047));
#2403=CARTESIAN_POINT('',(6.65851872998291,-28.,31.6213550753363));
#2404=CARTESIAN_POINT('Origin',(-0.0953033186217334,-28.,34.7878770068422));
#2405=CARTESIAN_POINT('',(18.0000002682209,-28.,29.5000004172325));
#2406=CARTESIAN_POINT('Origin',(18.0000002682209,-28.,28.0000004172325));
#2407=CARTESIAN_POINT('',(-18.0000002682209,-28.,29.5000004172325));
#2408=CARTESIAN_POINT('Origin',(-18.0000002682209,-28.,28.0000004172325));
#2409=CARTESIAN_POINT('Origin',(-1.02716262170061E-31,-16.5000002458692,
20.995956268518));
#2410=CARTESIAN_POINT('',(-12.0000001788139,-17.0000002533197,20.995956268518));
#2411=CARTESIAN_POINT('',(-12.0000001788139,-5.00000007450581,20.995956268518));
#2412=CARTESIAN_POINT('',(0.00118373390276559,-17.0000002533197,20.995956268518));
#2413=CARTESIAN_POINT('Origin',(-1.02716262170061E-31,-16.5000002458692,
20.995956268518));
#2414=CARTESIAN_POINT('',(12.0000001788139,-17.0000002533197,20.995956268518));
#2415=CARTESIAN_POINT('',(0.00118373390276559,-17.0000002533197,20.995956268518));
#2416=CARTESIAN_POINT('',(12.0000001788139,-28.0000004172325,20.995956268518));
#2417=CARTESIAN_POINT('Origin',(0.00236746780553299,-17.0000002533197,40.4706896217391));
#2418=CARTESIAN_POINT('',(-15.0000002235174,-17.0000002533197,44.5000006631017));
#2419=CARTESIAN_POINT('',(-15.0000002235174,-17.,46.8750011385418));
#2420=CARTESIAN_POINT('',(-16.3720412617113,-17.0000002533197,44.5000006631017));
#2421=CARTESIAN_POINT('',(-8.17386001433885,-17.0000002533197,44.5000006631017));
#2422=CARTESIAN_POINT('',(-16.3720412617113,-17.0000002533197,49.5189000120044));
#2423=CARTESIAN_POINT('',(-16.3720412617113,-17.0000002533197,44.9947948168718));
#2424=CARTESIAN_POINT('',(-16.3374786438028,-17.0000002533197,49.5189000120044));
#2425=CARTESIAN_POINT('',(-7.49881637785594,-17.0000002533197,49.5189000120044));
#2426=CARTESIAN_POINT('',(-15.0000007124618,-17.0000002533197,50.2900023886468));
#2427=CARTESIAN_POINT('',(-11.4945786463367,-17.0000002533197,52.3109996873564));
#2428=CARTESIAN_POINT('',(-14.9999996647239,-17.0000002533197,51.2499988544732));
#2429=CARTESIAN_POINT('',(-15.0000055469714,-17.0000002533197,45.8603524248868));
#2430=CARTESIAN_POINT('',(-10.2283907675559,-17.0000002533197,54.0000025648624));
#2431=CARTESIAN_POINT('',(-9.31503428635349,-17.0000002533197,54.5263939280995));
#2432=CARTESIAN_POINT('',(5.11618397685223,-17.0000002533197,54.0000025648624));
#2433=CARTESIAN_POINT('Origin',(-18.0000002682209,-29.5,28.0000004172325));
#2434=CARTESIAN_POINT('',(-18.0000002682209,-31.,29.5000004172325));
#2435=CARTESIAN_POINT('Origin',(-18.0000002682209,-31.,28.0000004172325));
#2436=CARTESIAN_POINT('',(-18.0000002682209,-29.5,29.5000004172325));
#2437=CARTESIAN_POINT('Origin',(18.0000002682209,-30.,28.0000004172325));
#2438=CARTESIAN_POINT('',(18.0000002682209,-31.,29.5000004172325));
#2439=CARTESIAN_POINT('Origin',(18.0000002682209,-31.,28.0000004172325));
#2440=CARTESIAN_POINT('',(18.0000002682209,-30.,29.5000004172325));
#2441=CARTESIAN_POINT('Origin',(18.0000002682209,-31.,28.0000004172325));
#2442=CARTESIAN_POINT('',(18.0000002682209,-31.,31.0000004172325));
#2443=CARTESIAN_POINT('Origin',(18.0000002682209,-31.,28.0000004172325));
#2444=CARTESIAN_POINT('Origin',(-18.0000002682209,-31.,28.0000004172325));
#2445=CARTESIAN_POINT('',(-18.0000002682209,-31.,31.0000004172325));
#2446=CARTESIAN_POINT('Origin',(-18.0000002682209,-31.,28.0000004172325));
#2447=CARTESIAN_POINT('Ctrl Pts',(11.9970717595627,-35.3102248083797,29.3865679144805));
#2448=CARTESIAN_POINT('Ctrl Pts',(6.57245974489293,-35.5806493656981,17.3126151595466));
#2449=CARTESIAN_POINT('Ctrl Pts',(-5.50811006325515,-35.5806493656981,22.7402000984189));
#2450=CARTESIAN_POINT('Ctrl Pts',(-17.5886798714032,-35.5806493656981,28.1677850372913));
#2451=CARTESIAN_POINT('Ctrl Pts',(-12.1640678567335,-35.3102248083797,40.2417377922253));
#2452=CARTESIAN_POINT('Ctrl Pts',(-6.73945584206379,-35.0398002510613,52.3156905471593));
#2453=CARTESIAN_POINT('Ctrl Pts',(5.34111396608429,-35.0398002510613,46.8881056082869));
#2454=CARTESIAN_POINT('Ctrl Pts',(17.4216837742324,-35.0398002510613,41.4605206694145));
#2455=CARTESIAN_POINT('Ctrl Pts',(11.9970717595627,-35.3102248083797,29.3865679144805));
#2456=CARTESIAN_POINT('Ctrl Pts',(6.52439483126137,-27.8163405240337,31.6775010694223));
#2457=CARTESIAN_POINT('Ctrl Pts',(3.52903810865995,-27.965663279934,25.0105181672239));
#2458=CARTESIAN_POINT('Ctrl Pts',(-3.1415985912249,-27.965663279934,28.0075164760755));
#2459=CARTESIAN_POINT('Ctrl Pts',(-9.81223529110974,-27.965663279934,31.0045147849272));
#2460=CARTESIAN_POINT('Ctrl Pts',(-6.81687856850832,-27.8163405240337,37.6714976871257));
#2461=CARTESIAN_POINT('Ctrl Pts',(-3.82152184590689,-27.6670177681335,44.3384805893241));
#2462=CARTESIAN_POINT('Ctrl Pts',(2.84911485397795,-27.6670177681334,41.3414822804725));
#2463=CARTESIAN_POINT('Ctrl Pts',(9.51975155386279,-27.6670177681334,38.3444839716208));
#2464=CARTESIAN_POINT('Ctrl Pts',(6.52439483126137,-27.8163405240337,31.6775010694223));
#2465=CARTESIAN_POINT('',(11.7705190017421,-35.,29.481405821237));
#2466=CARTESIAN_POINT('Origin',(0.,-35.,35.0000005215406));
#2467=CARTESIAN_POINT('Ctrl Pts',(11.7705190017421,-35.,29.481405821237));
#2468=CARTESIAN_POINT('Ctrl Pts',(6.65851872998291,-28.,31.6213550753363));
#2469=CARTESIAN_POINT('Origin',(12.0000001788139,-32.5,23.0000003427267));
#2470=CARTESIAN_POINT('',(12.0000001788139,-35.,25.3500003427267));
#2471=CARTESIAN_POINT('Origin',(12.0000001788139,-35.,23.0000003427267));
#2472=CARTESIAN_POINT('',(12.0000001788139,-30.,25.3500003427267));
#2473=CARTESIAN_POINT('',(12.0000001788139,-32.5,25.3500003427267));
#2474=CARTESIAN_POINT('Origin',(12.0000001788139,-30.,23.0000003427267));
#2475=CARTESIAN_POINT('Origin',(12.0000001788139,-30.,23.0000003427267));
#2476=CARTESIAN_POINT('Origin',(12.0000001788139,-31.,58.0000008642673));
#2477=CARTESIAN_POINT('',(12.0000001788139,-31.,61.0000008642673));
#2478=CARTESIAN_POINT('Origin',(12.0000001788139,-31.,58.0000008642673));
#2479=CARTESIAN_POINT('',(12.0000001788139,-31.,59.5000008642673));
#2480=CARTESIAN_POINT('Origin',(12.0000001788139,-31.,58.0000008642673));
#2481=CARTESIAN_POINT('Origin',(12.0000001788139,-14.,58.0000008642673));
#2482=CARTESIAN_POINT('',(12.0000001788139,-28.,59.5000008642673));
#2483=CARTESIAN_POINT('',(12.0000001788139,-14.,59.5000008642673));
#2484=CARTESIAN_POINT('Origin',(12.0000001788139,-28.,58.0000008642673));
#2485=CARTESIAN_POINT('Origin',(-12.0000001788139,-31.,58.0000008642673));
#2486=CARTESIAN_POINT('',(-12.0000001788139,-31.,61.0000008642673));
#2487=CARTESIAN_POINT('Origin',(-12.0000001788139,-31.,58.0000008642673));
#2488=CARTESIAN_POINT('',(-12.0000001788139,-31.,59.5000008642673));
#2489=CARTESIAN_POINT('Origin',(-12.0000001788139,-31.,58.0000008642673));
#2490=CARTESIAN_POINT('Origin',(-12.0000001788139,-28.,58.0000008642673));
#2491=CARTESIAN_POINT('',(-16.3374786438028,-28.,49.5189000120044));
#2492=CARTESIAN_POINT('',(-16.3481924159402,-28.,49.5189000120044));
#2493=CARTESIAN_POINT('',(-7.51685908673736,-28.,49.5189000120044));
#2494=CARTESIAN_POINT('',(-16.3481924159402,-28.,60.5000009015203));
#2495=CARTESIAN_POINT('',(-16.3481924159402,-28.,44.4986462302836));
#2496=CARTESIAN_POINT('',(-12.0000001788139,-28.,63.0000009387732));
#2497=CARTESIAN_POINT('',(-16.3481924159402,-28.,60.5000009015203));
#2498=CARTESIAN_POINT('',(-7.66987309536782,-28.,60.5000009015203));
#2499=CARTESIAN_POINT('',(-12.0000001788139,-28.,63.0000009387732));
#2500=CARTESIAN_POINT('',(-7.66987309536782,-28.,58.0000008642673));
#2501=CARTESIAN_POINT('',(-7.66987309536782,-28.,60.5000009015203));
#2502=CARTESIAN_POINT('',(-3.85076218124337,-28.,56.0172748999168));
#2503=CARTESIAN_POINT('',(-7.66987309536782,-28.,58.0000008642673));
#2504=CARTESIAN_POINT('',(3.82347150441518,-28.,56.0172748999168));
#2505=CARTESIAN_POINT('',(-4.75000007078052,-28.,56.0172748999168));
#2506=CARTESIAN_POINT('',(7.65071741035257,-28.,58.0000008642673));
#2507=CARTESIAN_POINT('',(3.82347150441519,-28.,56.0172748999168));
#2508=CARTESIAN_POINT('',(7.65071741035257,-28.,60.5000009015203));
#2509=CARTESIAN_POINT('',(7.65071741035257,-28.,58.0000008642673));
#2510=CARTESIAN_POINT('',(12.0000001788139,-28.,63.0000009387732));
#2511=CARTESIAN_POINT('',(7.65071741035257,-28.,60.5000009015203));
#2512=CARTESIAN_POINT('',(16.3214117107128,-28.,60.5000009015203));
#2513=CARTESIAN_POINT('',(12.0000001788139,-28.,63.0000009387732));
#2514=CARTESIAN_POINT('',(16.3214117107128,-28.,49.5059570786316));
#2515=CARTESIAN_POINT('',(16.3214117107128,-28.,60.5000009015203));
#2516=CARTESIAN_POINT('',(15.0080639958827,-28.,50.3029977515452));
#2517=CARTESIAN_POINT('',(12.353566785184,-28.,51.9139513620567));
#2518=CARTESIAN_POINT('',(15.0080639958827,-28.,51.2405246912843));
#2519=CARTESIAN_POINT('',(15.0080639958827,-28.,45.3868436866422));
#2520=CARTESIAN_POINT('',(10.2300004858989,-28.,54.0000025648624));
#2521=CARTESIAN_POINT('',(11.7003783851474,-28.,53.1508143382312));
#2522=CARTESIAN_POINT('',(-10.2283907675559,-28.,54.0000025648624));
#2523=CARTESIAN_POINT('',(5.09814126797082,-28.,54.0000025648624));
#2524=CARTESIAN_POINT('',(-14.9999996647239,-28.,51.2499988544732));
#2525=CARTESIAN_POINT('',(-9.32857831796154,-28.,54.5185881464484));
#2526=CARTESIAN_POINT('',(-15.0000007124618,-28.,50.2900023886468));
#2527=CARTESIAN_POINT('',(-15.0000055469714,-28.,45.860352405195));
#2528=CARTESIAN_POINT('',(-11.5081202362529,-28.,52.3031924914968));
#2529=CARTESIAN_POINT('',(-12.0000001788139,-28.,59.5000008642673));
#2530=CARTESIAN_POINT('Origin',(-12.0000001788139,-28.,58.0000008642673));
#2531=CARTESIAN_POINT('Origin',(-12.0000001788139,-14.,58.0000008642673));
#2532=CARTESIAN_POINT('',(-12.0000001788139,-14.,59.5000008642673));
#2533=CARTESIAN_POINT('Origin',(-0.0337179499572926,-35.,40.4706896217391));
#2534=CARTESIAN_POINT('',(22.3430132509823,-35.,25.492560777047));
#2535=CARTESIAN_POINT('',(22.3430132509823,-35.,25.492560777047));
#2536=CARTESIAN_POINT('',(22.3430132509823,-35.,30.492560777047));
#2537=CARTESIAN_POINT('',(22.3430132509823,-35.,30.492560777047));
#2538=CARTESIAN_POINT('',(18.0000002682209,-35.,33.0000004917383));
#2539=CARTESIAN_POINT('',(18.0000002682209,-35.,33.0000004917383));
#2540=CARTESIAN_POINT('',(15.0467485861132,-35.,33.0000004917383));
#2541=CARTESIAN_POINT('',(15.0467485861132,-35.,33.0000004917383));
#2542=CARTESIAN_POINT('',(15.0467485861132,-35.,43.7867773462998));
#2543=CARTESIAN_POINT('',(15.0467485861132,-35.,43.7867773462998));
#2544=CARTESIAN_POINT('',(16.3214117107128,-35.,44.5194631771894));
#2545=CARTESIAN_POINT('',(16.3214117107128,-35.,44.5194631771894));
#2546=CARTESIAN_POINT('',(16.3214117107128,-35.,60.5000009015203));
#2547=CARTESIAN_POINT('',(16.3214117107128,-35.,60.5000009015203));
#2548=CARTESIAN_POINT('',(12.0000001788139,-35.,63.0000009387732));
#2549=CARTESIAN_POINT('',(12.0000001788139,-35.,63.0000009387732));
#2550=CARTESIAN_POINT('',(7.65071741035257,-35.,60.5000009015203));
#2551=CARTESIAN_POINT('',(7.65071741035257,-35.,60.5000009015203));
#2552=CARTESIAN_POINT('',(7.65071741035257,-35.,58.0000008642673));
#2553=CARTESIAN_POINT('',(7.65071741035257,-35.,58.0000008642673));
#2554=CARTESIAN_POINT('',(3.82347150441519,-35.,56.0172748999168));
#2555=CARTESIAN_POINT('',(3.82347150441519,-35.,56.0172748999168));
#2556=CARTESIAN_POINT('',(-3.85076218124337,-35.,56.0172748999168));
#2557=CARTESIAN_POINT('',(-3.85076218124337,-35.,56.0172748999168));
#2558=CARTESIAN_POINT('',(-7.66987309536782,-35.,58.0000008642673));
#2559=CARTESIAN_POINT('',(-7.66987309536782,-35.,58.0000008642673));
#2560=CARTESIAN_POINT('',(-7.66987309536782,-35.,60.5000009015203));
#2561=CARTESIAN_POINT('',(-7.66987309536782,-35.,60.5000009015203));
#2562=CARTESIAN_POINT('',(-12.0000001788139,-35.,63.0000009387732));
#2563=CARTESIAN_POINT('',(-12.0000001788139,-35.,63.0000009387732));
#2564=CARTESIAN_POINT('',(-16.3481924159402,-35.,60.5000009015203));
#2565=CARTESIAN_POINT('',(-16.3481924159402,-35.,60.5000009015203));
#2566=CARTESIAN_POINT('',(-16.3481924159402,-35.,44.4986462302836));
#2567=CARTESIAN_POINT('',(-16.3481924159402,-35.,44.4986462302836));
#2568=CARTESIAN_POINT('',(-15.0000002235174,-35.,43.6999990232289));
#2569=CARTESIAN_POINT('',(-15.0000002235174,-35.,43.6999990232289));
#2570=CARTESIAN_POINT('',(-15.0000002235174,-35.,33.015812847683));
#2571=CARTESIAN_POINT('',(-15.0000002235174,-35.,33.015812847683));
#2572=CARTESIAN_POINT('',(-18.0336574199499,-35.,33.015812847683));
#2573=CARTESIAN_POINT('',(-18.0336574199499,-35.,33.015812847683));
#2574=CARTESIAN_POINT('',(-22.4104491508969,-35.,30.5000004544854));
#2575=CARTESIAN_POINT('',(-22.4104491508969,-35.,30.5000004544854));
#2576=CARTESIAN_POINT('',(-22.4104491508969,-35.,25.4406360817002));
#2577=CARTESIAN_POINT('',(-22.4104491508969,-35.,25.4406360817002));
#2578=CARTESIAN_POINT('',(-14.12624149272,-35.,20.7477868928629));
#2579=CARTESIAN_POINT('',(-11.9999997317791,-35.,25.3499994859099));
#2580=CARTESIAN_POINT('Origin',(-11.9999997317791,-35.,22.9999994859099));
#2581=CARTESIAN_POINT('',(12.0000001788139,-35.,49.3500007003546));
#2582=CARTESIAN_POINT('Origin',(12.0000001788139,-35.,47.0000007003546));
#2583=CARTESIAN_POINT('',(-12.0000001788139,-35.,49.3500007003546));
#2584=CARTESIAN_POINT('Origin',(-12.0000001788139,-35.,47.0000007003546));
#2585=CARTESIAN_POINT('',(18.0000002682209,-35.,31.0000004172325));
#2586=CARTESIAN_POINT('Origin',(18.0000002682209,-35.,28.0000004172325));
#2587=CARTESIAN_POINT('',(-12.0000001788139,-35.,61.0000008642673));
#2588=CARTESIAN_POINT('Origin',(-12.0000001788139,-35.,58.0000008642673));
#2589=CARTESIAN_POINT('',(12.0000001788139,-35.,61.0000008642673));
#2590=CARTESIAN_POINT('Origin',(12.0000001788139,-35.,58.0000008642673));
#2591=CARTESIAN_POINT('',(-18.0000002682209,-35.,31.0000004172325));
#2592=CARTESIAN_POINT('Origin',(-18.0000002682209,-35.,28.0000004172325));
#2593=CARTESIAN_POINT('Origin',(-16.3481924159402,-35.,60.5000009015203));
#2594=CARTESIAN_POINT('',(-12.0000001788139,-35.,63.0000009387732));
#2595=CARTESIAN_POINT('',(-16.3481924159402,-35.,60.5000009015203));
#2596=CARTESIAN_POINT('Origin',(-12.0000001788139,-35.,63.0000009387732));
#2597=CARTESIAN_POINT('',(-7.66987309536782,-35.,60.5000009015203));
#2598=CARTESIAN_POINT('Origin',(-7.66987309536782,-35.,60.5000009015203));
#2599=CARTESIAN_POINT('',(-7.66987309536782,-35.,58.0000008642673));
#2600=CARTESIAN_POINT('Origin',(-7.66987309536782,-35.,58.0000008642673));
#2601=CARTESIAN_POINT('',(-3.85076218124337,-35.,56.0172748999168));
#2602=CARTESIAN_POINT('Origin',(3.82347150441519,-35.,56.0172748999168));
#2603=CARTESIAN_POINT('',(7.65071741035257,-35.,58.0000008642673));
#2604=CARTESIAN_POINT('',(3.82347150441519,-35.,56.0172748999168));
#2605=CARTESIAN_POINT('Origin',(7.65071741035257,-35.,58.0000008642673));
#2606=CARTESIAN_POINT('',(7.65071741035257,-35.,60.5000009015203));
#2607=CARTESIAN_POINT('Origin',(7.65071741035257,-35.,60.5000009015203));
#2608=CARTESIAN_POINT('',(12.0000001788139,-35.,63.0000009387732));
#2609=CARTESIAN_POINT('Origin',(12.0000001788139,-35.,63.0000009387732));
#2610=CARTESIAN_POINT('',(16.3214117107128,-35.,60.5000009015203));
#2611=CARTESIAN_POINT('Origin',(16.3214117107128,-35.,60.5000009015203));
#2612=CARTESIAN_POINT('',(16.3214117107128,-28.,44.5194631771894));
#2613=CARTESIAN_POINT('',(16.3214117107128,-35.,44.5194631771894));
#2614=CARTESIAN_POINT('',(16.3214117107128,-28.,60.5000009015203));
#2615=CARTESIAN_POINT('Origin',(16.3214117107128,-35.,44.5194631771894));
#2616=CARTESIAN_POINT('',(15.0467485861132,-35.,43.7867773462998));
#2617=CARTESIAN_POINT('',(16.3214117107128,-28.,44.5194631771894));
#2618=CARTESIAN_POINT('Origin',(15.0467485861132,-35.,43.7867773462998));
#2619=CARTESIAN_POINT('',(15.0467485861132,-35.,33.0000004917383));
#2620=CARTESIAN_POINT('Origin',(15.0467485861132,-35.,33.0000004917383));
#2621=CARTESIAN_POINT('',(18.0000002682209,-35.,33.0000004917383));
#2622=CARTESIAN_POINT('Origin',(18.0000002682209,-35.,33.0000004917383));
#2623=CARTESIAN_POINT('',(22.3430132509823,-35.,30.492560777047));
#2624=CARTESIAN_POINT('Origin',(22.3430132509823,-35.,30.492560777047));
#2625=CARTESIAN_POINT('',(22.3430132509823,-35.,25.492560777047));
#2626=CARTESIAN_POINT('Origin',(22.3430132509823,-35.,25.492560777047));
#2627=CARTESIAN_POINT('Origin',(-16.3367527855749,-35.,22.0000003278255));
#2628=CARTESIAN_POINT('',(-22.4104491508969,-35.,25.4406360817002));
#2629=CARTESIAN_POINT('Origin',(-22.4104491508969,-35.,25.4406360817002));
#2630=CARTESIAN_POINT('',(-22.4104491508969,-35.,30.5000004544854));
#2631=CARTESIAN_POINT('Origin',(-22.4104491508969,-35.,30.5000004544854));
#2632=CARTESIAN_POINT('',(-18.0336574199499,-35.,33.015812847683));
#2633=CARTESIAN_POINT('Origin',(-18.0336574199499,-35.,33.015812847683));
#2634=CARTESIAN_POINT('',(-15.0000002235174,-35.,33.015812847683));
#2635=CARTESIAN_POINT('Origin',(-15.0000002235174,-35.,43.6999990232289));
#2636=CARTESIAN_POINT('',(-16.3481924159402,-28.,44.4986462302836));
#2637=CARTESIAN_POINT('',(-16.3481924159402,-35.,44.4986462302836));
#2638=CARTESIAN_POINT('',(-15.0000002235174,-28.,43.6999990232289));
#2639=CARTESIAN_POINT('',(-15.0000002235174,-28.,43.6999990232289));
#2640=CARTESIAN_POINT('',(-15.0000002235174,-35.,43.6999990232289));
#2641=CARTESIAN_POINT('Origin',(-16.3481924159402,-35.,44.4986462302836));
#2642=CARTESIAN_POINT('',(-16.3481924159402,-28.,44.5000006631017));
#2643=CARTESIAN_POINT('',(-16.3481924159402,-28.,44.4986462302836));
#2644=CARTESIAN_POINT('',(-16.3481924159402,-28.,44.4986462302836));
#2645=CARTESIAN_POINT('Origin',(-18.0000002682209,-31.5,28.0000004172325));
#2646=CARTESIAN_POINT('',(-18.0000002682209,-31.5,31.0000004172325));
#2647=CARTESIAN_POINT('Origin',(18.0000002682209,-31.5,28.0000004172325));
#2648=CARTESIAN_POINT('',(18.0000002682209,-31.5,31.0000004172325));
#2649=CARTESIAN_POINT('Origin',(-12.0000001788139,-31.5,47.0000007003546));
#2650=CARTESIAN_POINT('',(-12.0000001788139,-28.,49.3500007003546));
#2651=CARTESIAN_POINT('',(-12.0000001788139,-31.5,49.3500007003546));
#2652=CARTESIAN_POINT('Origin',(-12.0000001788139,-28.,47.0000007003546));
#2653=CARTESIAN_POINT('Origin',(12.0000001788139,-31.5,47.0000007003546));
#2654=CARTESIAN_POINT('',(12.0000001788139,-28.,49.3500007003546));
#2655=CARTESIAN_POINT('',(12.0000001788139,-31.5,49.3500007003546));
#2656=CARTESIAN_POINT('Origin',(12.0000001788139,-28.,47.0000007003546));
#2657=CARTESIAN_POINT('Origin',(-11.9999997317791,-30.,22.9999994859099));
#2658=CARTESIAN_POINT('',(-11.9999997317791,-30.,25.3499994859099));
#2659=CARTESIAN_POINT('Origin',(-11.9999997317791,-30.,22.9999994859099));
#2660=CARTESIAN_POINT('Origin',(-11.9999997317791,-32.5,22.9999994859099));
#2661=CARTESIAN_POINT('',(-11.9999997317791,-32.5,25.3499994859099));
#2662=CARTESIAN_POINT('Origin',(-10.2283907675559,-21.,54.0000025648624));
#2663=CARTESIAN_POINT('',(-14.9999996647239,-21.,51.2499988544732));
#2664=CARTESIAN_POINT('',(-10.2283907675559,-21.,54.0000025648624));
#2665=CARTESIAN_POINT('Origin',(-14.9999996647239,-21.,51.2499988544732));
#2666=CARTESIAN_POINT('',(-15.0000007124618,-21.,50.2900023886468));
#2667=CARTESIAN_POINT('Origin',(-15.0000007124618,-21.,50.2900023886468));
#2668=CARTESIAN_POINT('',(-16.3374786438028,-15.5,49.5189000120044));
#2669=CARTESIAN_POINT('Origin',(-0.009430522948779,-28.,49.250001613982));
#2670=CARTESIAN_POINT('',(-16.3720412617113,-28.,49.5189000120044));
#2671=CARTESIAN_POINT('',(-16.3720412617113,-28.,49.5189000120044));
#2672=CARTESIAN_POINT('',(-16.3720412617113,-28.,44.5000006631017));
#2673=CARTESIAN_POINT('',(-16.3720412617113,-28.,44.5000006631017));
#2674=CARTESIAN_POINT('',(-15.0000002235174,-28.,44.5000006631017));
#2675=CARTESIAN_POINT('Origin',(-0.009430522948779,-28.,49.250001613982));
#2676=CARTESIAN_POINT('Origin',(-0.009430522948779,-28.,49.250001613982));
#2677=CARTESIAN_POINT('Origin',(15.0000002235174,-5.,44.4894760357458));
#2678=CARTESIAN_POINT('',(16.3273049145634,-28.,44.4894760357458));
#2679=CARTESIAN_POINT('',(16.3273049145634,-5.,44.4894760357458));
#2680=CARTESIAN_POINT('',(15.0069038729961,-28.,44.4894760357458));
#2681=CARTESIAN_POINT('',(14.3501551769518,-15.5,44.4894760357458));
#2682=CARTESIAN_POINT('Origin',(14.3501551769518,-21.,45.4825076717947));
#2683=CARTESIAN_POINT('Origin',(-15.0000002235174,-35.,33.015812847683));
#2684=CARTESIAN_POINT('',(-15.0000002235174,-28.,44.5000006631017));
#2685=CARTESIAN_POINT('',(-15.0000002235174,0.,44.5000006631017));
#2686=CARTESIAN_POINT('',(-15.0000002235174,-28.,44.9911600966118));
#2687=CARTESIAN_POINT('Origin',(-0.0337179499572926,-28.,40.4706896217391));
#2688=CARTESIAN_POINT('',(-8.19190272322026,-28.,44.5000006631017));
#2689=CARTESIAN_POINT('Origin',(10.2300004858989,-21.,54.0000025648624));
#2690=CARTESIAN_POINT('',(10.2300004858989,-21.,54.0000025648624));
#2691=CARTESIAN_POINT('Origin',(16.3273049145634,-5.,44.4894760357458));
#2692=CARTESIAN_POINT('',(16.3273049145634,-28.,49.5000007376075));
#2693=CARTESIAN_POINT('',(16.3273049145634,-5.,49.5000007376075));
#2694=CARTESIAN_POINT('',(16.3273049145634,-28.,49.5000007376075));
#2695=CARTESIAN_POINT('Origin',(-0.009430522948779,-28.,49.250001613982));
#2696=CARTESIAN_POINT('',(16.3312264505857,-28.,49.5000007376075));
#2697=CARTESIAN_POINT('',(8.15893719580729,-28.,49.5000007376075));
#2698=CARTESIAN_POINT('',(15.0080639958827,-28.,50.3029977515452));
#2699=CARTESIAN_POINT('Origin',(-15.0000002235174,-10.,49.5189000120044));
#2700=CARTESIAN_POINT('',(-16.3720412617113,-10.,49.5189000120044));
#2701=CARTESIAN_POINT('Origin',(-16.3720412617113,-10.,49.5189000120044));
#2702=CARTESIAN_POINT('',(-16.3720412617113,-10.,44.5000006631017));
#2703=CARTESIAN_POINT('Origin',(-12.0000001788139,-31.5,58.0000008642673));
#2704=CARTESIAN_POINT('',(-12.0000001788139,-31.5,61.0000008642673));
#2705=CARTESIAN_POINT('Origin',(12.0000001788139,-31.5,58.0000008642673));
#2706=CARTESIAN_POINT('',(12.0000001788139,-31.5,61.0000008642673));
#2707=CARTESIAN_POINT('Origin',(-9.50000014156103,-28.,56.0172748999168));
#2708=CARTESIAN_POINT('Origin',(-16.3500874964832,0.,44.5000006631017));
#2709=CARTESIAN_POINT('Origin',(15.0080639958827,-21.,51.2405246912843));
#2710=CARTESIAN_POINT('',(15.0080639958827,-21.,51.2405246912843));
#2711=CARTESIAN_POINT('Origin',(15.0080639958827,-21.,50.3029977515452));
#2712=CARTESIAN_POINT('',(15.0080639958827,-21.,50.3029977515452));
#2713=CARTESIAN_POINT('Origin',(16.3312264505857,-21.,49.5000007376075));
#2714=CARTESIAN_POINT('',(16.3312264505857,-21.,49.5000007376075));
#2715=CARTESIAN_POINT('Origin',(14.3501551769518,-21.,49.5000007376075));
#2716=CARTESIAN_POINT('Origin',(12.0000001788139,-28.0000004172325,20.995956268518));
#2717=CARTESIAN_POINT('',(12.0000001788139,-17.0000002533197,23.995956268518));
#2718=CARTESIAN_POINT('',(12.0000001788139,-17.0000002533197,30.7333229451285));
#2719=CARTESIAN_POINT('',(12.0000001788139,-28.0000004172325,23.995956268518));
#2720=CARTESIAN_POINT('Origin',(0.,-16.5000002458692,23.995956268518));
#2721=CARTESIAN_POINT('',(-12.0000001788139,-17.0000002533197,23.995956268518));
#2722=CARTESIAN_POINT('',(0.00118373390276649,-17.0000002533197,23.995956268518));
#2723=CARTESIAN_POINT('',(-12.0000001788139,-5.00000007450581,23.995956268518));
#2724=CARTESIAN_POINT('',(0.00118373390276649,-17.0000002533197,23.995956268518));
#2725=CARTESIAN_POINT('Origin',(-12.0000001788139,-5.00000007450581,20.995956268518));
#2726=CARTESIAN_POINT('',(-12.0000001788139,-17.0000002533197,30.7333229451285));
#2727=CARTESIAN_POINT('Origin',(0.00236746780553299,-17.0000002533197,40.4706896217391));
#2728=CARTESIAN_POINT('Origin',(0.00236746780553299,-17.0000002533197,40.4706896217391));
#2729=UNCERTAINTY_MEASURE_WITH_UNIT(LENGTH_MEASURE(0.01),#2733,
'DISTANCE_ACCURACY_VALUE',
'Maximum model space distance between geometric entities at asserted c
onnectivities');
#2730=UNCERTAINTY_MEASURE_WITH_UNIT(LENGTH_MEASURE(0.01),#2733,
'DISTANCE_ACCURACY_VALUE',
'Maximum model space distance between geometric entities at asserted c
onnectivities');
#2731=(
GEOMETRIC_REPRESENTATION_CONTEXT(3)
GLOBAL_UNCERTAINTY_ASSIGNED_CONTEXT((#2729))
GLOBAL_UNIT_ASSIGNED_CONTEXT((#2733,#2735,#2736))
REPRESENTATION_CONTEXT('','3D')
);
#2732=(
GEOMETRIC_REPRESENTATION_CONTEXT(3)
GLOBAL_UNCERTAINTY_ASSIGNED_CONTEXT((#2730))
GLOBAL_UNIT_ASSIGNED_CONTEXT((#2733,#2735,#2736))
REPRESENTATION_CONTEXT('','3D')
);
#2733=(
LENGTH_UNIT()
NAMED_UNIT(*)
SI_UNIT(.MILLI.,.METRE.)
);
#2734=(
LENGTH_UNIT()
NAMED_UNIT(*)
SI_UNIT($,.METRE.)
);
#2735=(
NAMED_UNIT(*)
PLANE_ANGLE_UNIT()
SI_UNIT($,.RADIAN.)
);
#2736=(
NAMED_UNIT(*)
SI_UNIT($,.STERADIAN.)
SOLID_ANGLE_UNIT()
);
#2737=SHAPE_DEFINITION_REPRESENTATION(#2738,#2739);
#2738=PRODUCT_DEFINITION_SHAPE('',$,#2741);
#2739=SHAPE_REPRESENTATION('',(#1659),#2731);
#2740=PRODUCT_DEFINITION_CONTEXT('part definition',#2745,'design');
#2741=PRODUCT_DEFINITION('front','front',#2742,#2740);
#2742=PRODUCT_DEFINITION_FORMATION('',$,#2747);
#2743=PRODUCT_RELATED_PRODUCT_CATEGORY('front','front',(#2747));
#2744=APPLICATION_PROTOCOL_DEFINITION('international standard',
'ap242_managed_model_based_3d_engineering',2011,#2745);
#2745=APPLICATION_CONTEXT('Managed model based 3d engineering');
#2746=PRODUCT_CONTEXT('part definition',#2745,'mechanical');
#2747=PRODUCT('front','front',$,(#2746));
#2748=PRESENTATION_STYLE_ASSIGNMENT((#2749));
#2749=SURFACE_STYLE_USAGE(.BOTH.,#2750);
#2750=SURFACE_SIDE_STYLE('',(#2751));
#2751=SURFACE_STYLE_FILL_AREA(#2752);
#2752=FILL_AREA_STYLE('Steel - Satin',(#2753));
#2753=FILL_AREA_STYLE_COLOUR('Steel - Satin',#2754);
#2754=COLOUR_RGB('Steel - Satin',0.627450980392157,0.627450980392157,0.627450980392157);
ENDSEC;
END-ISO-10303-21;
